,id,x,y,endX,endY,teamId,playerId,eventType,outcomeType,minute
2,2610509487.0,50.2,49.9,35.5,46.3,32,336915.0,Pass,Successful,0
3,2610509531.0,34.8,47.9,32.5,76.1,32,69344.0,Pass,Successful,0
4,2610509585.0,32.5,76.1,34.0,94.4,32,22079.0,Pass,Successful,0
5,2610509715.0,27.5,92.6,13.6,69.0,32,100008.0,Pass,Successful,0
6,2610509747.0,22.9,50.7,22.5,29.4,32,260843.0,Pass,Successful,0
7,2610509917.0,25.0,30.3,17.5,49.6,32,99487.0,Pass,Successful,0
8,2610509943.0,19.6,54.2,46.1,42.9,32,260843.0,Pass,Unsuccessful,0
10,2610510005.0,33.3,42.1,39.5,41.0,32,69344.0,Pass,Unsuccessful,0
12,2610510043.0,35.8,40.5,31.9,30.6,32,69344.0,Pass,Successful,0
13,2610510099.0,32.8,25.4,37.4,7.3,32,123761.0,Pass,Successful,0
14,2610510147.0,32.4,6.5,24.6,24.5,32,353418.0,Pass,Successful,0
15,2610510215.0,21.7,26.9,15.8,51.9,32,99487.0,Pass,Successful,0
16,2610510315.0,15.8,52.8,29.0,96.4,32,260843.0,Pass,Successful,0
17,2610510343.0,30.5,91.3,37.2,72.2,32,100008.0,Pass,Successful,0
18,2610510379.0,40.0,68.8,58.6,65.5,32,336915.0,Pass,Successful,0
19,2610510429.0,59.7,68.8,61.8,81.4,32,439584.0,Pass,Successful,0
20,2610510515.0,63.2,81.9,77.7,91.8,32,336915.0,Pass,Successful,0
21,2610510579.0,78.8,71.2,72.7,60.7,32,300299.0,Pass,Successful,0
22,2610510627.0,72.1,51.3,73.1,30.9,32,69344.0,Pass,Successful,0
23,2610510681.0,73.7,28.9,99.5,74.9,32,353418.0,Pass,Successful,1
24,2610510707.0,99.5,74.9,100.0,51.1,32,100008.0,Pass,Unsuccessful,1
25,2610510983.0,5.4,42.4,4.4,53.2,167,313171.0,Pass,Successful,1
26,2610511077.0,9.5,55.6,14.4,29.7,167,121774.0,Pass,Successful,1
27,2610511197.0,15.8,31.9,31.8,94.1,167,313171.0,Pass,Successful,1
31,2610511285.0,68.8,26.2,60.0,31.4,32,439584.0,Pass,Successful,1
37,2610511687.0,13.4,44.7,25.6,4.0,167,121774.0,Pass,Successful,1
38,2610743983.0,35.3,2.9,29.5,15.3,167,69778.0,Pass,Successful,1
39,2610511709.0,39.6,42.1,31.2,65.2,167,303139.0,Pass,Successful,2
40,2610511731.0,32.2,67.7,37.3,88.7,167,313171.0,Pass,Successful,2
41,2610511773.0,35.2,81.9,29.3,62.7,167,402664.0,Pass,Successful,2
42,2610511833.0,29.3,62.7,34.7,45.9,167,313171.0,Pass,Successful,2
43,2610511953.0,44.5,31.8,41.9,59.5,167,303139.0,Pass,Successful,2
44,2610511981.0,45.1,64.5,55.1,94.7,167,313171.0,Pass,Successful,2
45,2610512061.0,55.0,91.9,64.3,72.6,167,402664.0,Pass,Successful,2
46,2610512133.0,76.4,76.5,92.3,94.6,167,101374.0,Pass,Successful,2
47,2610512193.0,87.2,90.9,73.6,89.8,167,136741.0,Pass,Successful,2
48,2610512243.0,62.2,86.5,47.8,56.1,167,402664.0,Pass,Successful,2
49,2610512285.0,47.8,56.1,47.9,22.1,167,313171.0,Pass,Successful,2
50,2610512393.0,47.9,22.1,54.8,32.6,167,69778.0,Pass,Successful,2
51,2610512473.0,68.3,20.5,75.1,5.9,167,303139.0,Pass,Successful,2
52,2610512549.0,71.3,8.1,62.9,14.7,167,331254.0,Pass,Successful,2
53,2610512607.0,61.2,15.9,48.5,31.4,167,69778.0,Pass,Successful,3
54,2610512649.0,48.5,31.4,57.4,26.2,167,313171.0,Pass,Successful,3
55,2610512675.0,57.4,26.2,43.7,18.8,167,303139.0,Pass,Successful,3
56,2610512709.0,44.2,16.4,47.0,3.7,167,313171.0,Pass,Successful,3
57,2610512859.0,47.0,3.7,15.8,30.9,167,69778.0,Pass,Successful,3
58,2610512907.0,24.4,49.7,45.8,95.9,167,121774.0,Pass,Successful,3
59,2610512933.0,58.0,92.0,59.1,87.0,167,402664.0,Pass,Unsuccessful,3
62,2610513023.0,34.8,13.7,40.1,9.6,32,69344.0,Pass,Unsuccessful,3
68,2610513339.0,57.6,100.0,39.2,92.5,167,402664.0,Pass,Successful,3
69,2610513465.0,37.1,79.0,33.3,50.2,167,101374.0,Pass,Successful,3
70,2610513559.0,40.8,30.4,52.3,3.1,167,313171.0,Pass,Successful,3
71,2610513729.0,55.4,8.8,45.0,21.8,167,69778.0,Pass,Successful,3
73,2610513737.0,46.6,22.3,60.4,20.2,167,313171.0,Pass,Successful,4
74,2610678517.0,57.8,22.5,56.0,29.4,167,365409.0,Pass,Successful,4
75,2610513763.0,59.0,26.2,53.4,14.5,167,303139.0,Pass,Successful,4
76,2610513825.0,43.0,18.1,36.3,35.5,167,365409.0,Pass,Successful,4
77,2610513945.0,35.0,39.5,13.3,53.7,167,313171.0,Pass,Successful,4
78,2610514013.0,13.5,60.0,39.5,93.2,167,121774.0,Pass,Successful,4
79,2610514053.0,44.0,94.4,51.3,85.3,167,136741.0,Pass,Successful,4
80,2610514185.0,49.9,84.3,41.9,73.6,167,113069.0,Pass,Successful,4
81,2610514217.0,36.9,64.0,36.5,40.9,167,101374.0,Pass,Successful,4
82,2610514337.0,37.3,34.0,55.4,4.8,167,313171.0,Pass,Successful,4
83,2610514379.0,65.8,17.9,75.9,24.7,167,69778.0,Pass,Unsuccessful,4
86,2610514581.0,45.7,63.6,59.0,86.9,32,439584.0,Pass,Successful,4
87,2610514593.0,85.4,77.3,90.2,76.0,32,300299.0,Pass,Unsuccessful,4
90,2610514937.0,14.6,23.0,15.2,22.6,167,313171.0,Pass,Unsuccessful,4
93,2610515555.0,7.3,14.2,50.5,44.8,167,121774.0,Pass,Unsuccessful,5
95,2610515611.0,51.9,54.8,78.0,52.4,32,99487.0,Pass,Unsuccessful,5
98,2610515619.0,21.2,53.9,30.5,70.6,167,313171.0,Pass,Unsuccessful,5
99,2610515709.0,71.0,30.1,55.7,34.4,32,123761.0,Pass,Successful,5
100,2610515733.0,55.7,34.4,61.7,37.3,32,99487.0,Pass,Successful,5
101,2610515761.0,62.3,33.6,59.8,12.5,32,69344.0,Pass,Successful,5
102,2610515829.0,57.4,12.5,42.2,29.1,32,353418.0,Pass,Successful,5
103,2610515875.0,42.8,29.5,38.2,46.0,32,99487.0,Pass,Successful,5
104,2610515939.0,37.0,43.1,29.9,21.6,32,22079.0,Pass,Successful,5
105,2610516011.0,28.7,21.4,14.9,43.1,32,99487.0,Pass,Successful,5
106,2610516033.0,18.1,42.8,21.4,26.6,32,260843.0,Pass,Successful,5
107,2610516155.0,20.9,29.4,14.1,53.3,32,99487.0,Pass,Successful,6
108,2610516207.0,14.6,51.3,53.8,49.2,32,260843.0,Pass,Successful,6
109,2610516231.0,53.8,49.2,47.6,45.4,32,439584.0,Pass,Successful,6
110,2610516257.0,47.6,45.4,45.8,42.2,32,336915.0,Pass,Successful,6
111,2610516285.0,45.8,42.2,48.4,41.5,32,123761.0,Pass,Successful,6
112,2610516391.0,52.0,31.7,46.3,12.8,32,336915.0,Pass,Successful,6
113,2610516447.0,47.1,9.4,29.9,31.8,32,353418.0,Pass,Successful,6
114,2610516521.0,27.2,33.2,19.5,48.7,32,99487.0,Pass,Successful,6
115,2610516535.0,19.6,48.7,23.5,67.6,32,260843.0,Pass,Successful,6
116,2610516563.0,23.5,67.6,13.3,61.8,32,22079.0,Pass,Successful,6
117,2610516635.0,12.7,63.8,15.8,99.7,32,260843.0,Pass,Successful,6
118,2610516679.0,8.2,97.3,1.7,86.0,32,100008.0,Pass,Successful,6
119,2610516719.0,1.7,86.0,43.6,81.9,32,260843.0,Pass,Unsuccessful,6
120,2610516735.0,58.0,16.2,65.3,28.6,167,303139.0,Pass,Unsuccessful,6
121,2610516799.0,33.9,74.6,51.1,86.0,32,248144.0,Pass,Unsuccessful,6
123,2610516957.0,42.8,8.3,55.5,8.5,167,69778.0,Pass,Successful,6
124,2610517001.0,55.5,8.5,60.4,27.9,167,331254.0,Pass,Successful,6
125,2610517079.0,60.1,30.9,69.7,42.1,167,365409.0,Pass,Successful,6
126,2610517207.0,76.2,38.0,89.5,95.1,167,113069.0,Pass,Successful,6
127,2610517247.0,91.5,90.7,79.5,89.7,167,136741.0,Pass,Successful,7
128,2610517277.0,79.0,89.0,76.1,76.8,167,402664.0,Pass,Successful,7
129,2610517393.0,74.9,76.5,67.8,55.4,167,101374.0,Pass,Successful,7
130,2610517473.0,76.3,71.4,81.9,95.2,167,303139.0,Pass,Successful,7
131,2610517509.0,84.1,95.1,76.3,90.9,167,136741.0,Pass,Successful,7
132,2610517575.0,75.9,90.5,69.8,73.6,167,402664.0,Pass,Successful,7
133,2610517625.0,70.9,69.4,98.9,32.6,167,303139.0,Pass,Successful,7
134,2610517647.0,98.9,32.6,93.5,41.1,167,69778.0,Pass,Successful,7
141,2610518289.0,99.5,99.5,96.5,53.9,167,365409.0,Pass,Unsuccessful,7
144,2610518825.0,6.0,51.9,12.7,65.8,32,260843.0,Pass,Successful,8
145,2610518839.0,12.7,65.8,8.1,51.4,32,22079.0,Pass,Successful,8
146,2610518867.0,8.1,51.4,47.7,46.7,32,260843.0,Pass,Successful,8
147,2610518877.0,47.7,46.7,41.3,39.6,32,439584.0,Pass,Unsuccessful,8
149,2610518927.0,29.9,53.3,38.0,54.6,32,22079.0,Pass,Unsuccessful,8
150,2610518967.0,61.6,46.5,71.6,43.9,167,303139.0,Pass,Successful,8
152,2610519033.0,76.6,47.6,86.8,41.1,167,365409.0,Pass,Unsuccessful,8
154,2610519109.0,12.2,59.8,24.1,94.7,32,22079.0,Pass,Unsuccessful,8
156,2610519219.0,63.6,6.6,52.3,18.8,167,331254.0,Pass,Successful,8
157,2610519291.0,52.5,26.2,47.3,59.6,167,313171.0,Pass,Successful,8
158,2610519305.0,59.5,72.5,61.2,75.8,167,402664.0,Pass,Unsuccessful,8
160,2610519451.0,80.8,86.0,89.9,90.5,167,136741.0,Pass,Successful,8
161,2610519485.0,90.9,82.4,86.0,62.2,167,113069.0,Pass,Successful,8
164,2610519507.0,86.0,62.2,88.5,61.0,167,136741.0,Pass,Unsuccessful,9
166,2610519685.0,58.2,100.0,47.2,88.8,167,402664.0,Pass,Successful,9
167,2610519709.0,47.2,88.8,54.5,93.1,167,313171.0,Pass,Successful,9
168,2610519789.0,54.2,92.9,31.9,82.1,167,402664.0,Pass,Successful,9
169,2610519853.0,31.8,69.9,31.8,39.5,167,313171.0,Pass,Successful,9
170,2610520081.0,45.5,28.9,52.2,3.2,167,303139.0,Pass,Successful,9
171,2610520223.0,54.2,6.9,45.0,35.5,167,69778.0,Pass,Successful,9
172,2610520253.0,51.6,39.4,57.6,35.3,167,313171.0,Pass,Successful,9
173,2610520379.0,61.5,36.8,52.4,55.9,167,303139.0,Pass,Successful,9
174,2610520451.0,53.7,53.2,59.8,19.4,167,101374.0,Pass,Successful,9
175,2610520475.0,59.8,19.4,62.7,27.4,167,69778.0,Pass,Successful,9
176,2610520553.0,62.7,27.4,58.4,5.9,167,303139.0,Pass,Successful,9
177,2610520639.0,56.4,14.9,47.0,43.9,167,69778.0,Pass,Successful,9
178,2610520671.0,48.1,50.8,46.3,72.5,167,313171.0,Pass,Successful,9
179,2610520749.0,46.3,72.5,56.5,90.5,167,402664.0,Pass,Successful,10
180,2610520791.0,51.8,88.3,40.2,75.7,167,136741.0,Pass,Successful,10
181,2610520815.0,40.2,75.7,54.2,73.1,167,402664.0,Pass,Unsuccessful,10
183,2610520875.0,44.4,27.4,59.2,40.0,32,336915.0,Pass,Successful,10
184,2610520889.0,68.9,46.1,75.8,39.3,32,439584.0,Pass,Unsuccessful,10
189,2610520971.0,13.1,61.1,30.2,66.9,167,136741.0,Pass,Unsuccessful,10
194,2610521085.0,63.7,35.5,55.5,31.5,32,248144.0,Pass,Successful,10
195,2610521197.0,54.4,32.0,43.5,53.4,32,99487.0,Pass,Successful,10
196,2610521349.0,32.6,54.6,31.4,22.4,32,22079.0,Pass,Successful,10
197,2610521463.0,35.4,55.1,34.4,77.6,32,99487.0,Pass,Successful,10
198,2610521515.0,28.6,71.5,23.9,50.8,32,22079.0,Pass,Successful,10
199,2610521595.0,25.5,49.5,76.3,87.7,32,260843.0,Pass,Unsuccessful,10
200,2610521617.0,27.2,13.9,33.0,16.6,167,69778.0,Pass,Successful,10
202,2610521687.0,31.3,16.9,16.1,18.9,167,331254.0,Pass,Successful,10
203,2610521811.0,16.1,18.9,21.6,38.5,167,69778.0,Pass,Successful,10
204,2610521853.0,32.6,59.3,40.3,95.8,167,313171.0,Pass,Successful,10
205,2610521953.0,40.6,93.1,34.4,62.8,167,402664.0,Pass,Successful,11
206,2610522031.0,36.3,63.5,42.5,51.5,167,313171.0,Pass,Successful,11
207,2610522071.0,43.2,50.5,55.1,47.8,167,303139.0,Pass,Successful,11
208,2610522211.0,54.8,43.9,45.6,18.9,167,101374.0,Pass,Successful,11
209,2610522303.0,42.6,12.0,95.4,9.3,167,69778.0,Pass,Successful,11
211,2610523145.0,5.2,60.0,3.4,51.4,32,22079.0,Pass,Successful,11
212,2610522825.0,5.1,55.9,14.0,87.4,32,260843.0,Pass,Successful,11
213,2610522897.0,18.5,84.0,7.5,57.2,32,100008.0,Pass,Successful,11
214,2610522993.0,8.8,50.8,54.3,13.2,32,260843.0,Pass,Unsuccessful,11
216,2610523151.0,43.5,83.9,40.9,60.1,167,402664.0,Pass,Successful,11
217,2610523257.0,42.8,55.7,61.6,4.1,167,101374.0,Pass,Successful,11
218,2610523319.0,70.6,11.0,72.4,25.4,167,331254.0,Pass,Successful,12
219,2610523355.0,70.7,31.1,68.9,46.6,167,365409.0,Pass,Successful,12
220,2610523457.0,68.9,46.6,82.9,86.3,167,303139.0,Pass,Successful,12
221,2610523481.0,89.0,68.6,74.9,61.5,167,113069.0,Pass,Unsuccessful,12
223,2610523787.0,75.5,28.6,69.5,65.3,32,439584.0,Pass,Successful,12
224,2610523831.0,72.5,71.7,73.5,81.4,32,69344.0,Pass,Successful,12
225,2610523923.0,75.4,86.0,87.9,83.6,32,123761.0,Pass,Successful,12
226,2610524067.0,83.2,92.3,86.3,82.8,32,69344.0,Pass,Successful,12
231,2610524163.0,67.1,91.7,70.1,91.9,32,123761.0,Pass,Unsuccessful,12
233,2610524927.0,32.7,4.4,40.9,3.6,167,331254.0,Pass,Successful,12
235,2610524315.0,41.1,4.6,68.6,38.4,167,365409.0,Pass,Unsuccessful,12
237,2610524437.0,27.9,49.2,29.3,30.9,32,99487.0,Pass,Successful,12
238,2610524563.0,29.2,33.3,29.4,73.5,32,353418.0,Pass,Successful,12
239,2610524619.0,31.9,67.4,37.3,74.3,32,22079.0,Pass,Successful,12
240,2610524693.0,37.4,74.1,52.6,77.2,32,123761.0,Pass,Successful,12
241,2610524747.0,38.8,71.2,29.3,47.9,32,336915.0,Pass,Successful,13
242,2610524913.0,27.9,47.6,17.5,50.1,32,22079.0,Pass,Successful,13
243,2610524947.0,19.7,49.0,24.5,67.0,32,260843.0,Pass,Successful,13
244,2610525109.0,24.2,59.5,13.4,46.1,32,22079.0,Pass,Successful,13
245,2610525139.0,13.9,46.3,14.7,77.3,32,260843.0,Pass,Successful,13
246,2610525199.0,16.2,79.2,20.1,96.4,32,22079.0,Pass,Successful,13
247,2610525293.0,19.1,90.3,9.2,53.1,32,100008.0,Pass,Successful,13
248,2610525355.0,12.1,44.0,53.3,43.7,32,260843.0,Pass,Unsuccessful,13
251,2610525985.0,54.2,43.2,53.0,33.0,32,69344.0,Pass,Successful,14
252,2610526031.0,53.0,33.0,55.9,41.4,32,99487.0,Pass,Successful,14
253,2610526095.0,60.5,35.8,71.9,34.7,32,69344.0,Pass,Successful,14
257,2610526301.0,68.3,6.7,49.1,16.3,32,353418.0,Pass,Successful,14
258,2610526445.0,57.0,19.2,69.8,5.0,32,99487.0,Pass,Successful,14
259,2610526551.0,78.0,9.0,74.7,11.6,32,353418.0,Pass,Successful,14
260,2610526591.0,68.2,30.4,56.3,55.4,32,123761.0,Pass,Successful,14
261,2610526763.0,54.4,52.1,44.2,13.7,32,22079.0,Pass,Successful,14
262,2610526827.0,35.9,56.3,34.5,75.5,32,99487.0,Pass,Successful,14
263,2610526879.0,35.0,77.6,40.3,93.3,32,22079.0,Pass,Successful,14
264,2610526891.0,40.3,93.3,56.2,80.8,32,100008.0,Pass,Unsuccessful,14
265,2610526897.0,46.6,27.0,56.8,30.4,167,303139.0,Pass,Unsuccessful,14
266,2610526937.0,39.5,77.2,56.9,77.9,32,99487.0,Pass,Unsuccessful,14
267,2610526955.0,46.8,27.5,49.1,16.4,167,303139.0,Pass,Successful,14
269,2610527003.0,49.1,16.4,77.6,52.5,167,331254.0,Pass,Unsuccessful,14
272,2610527155.0,21.7,56.2,76.3,0.0,32,260843.0,Pass,Unsuccessful,14
273,2610527451.0,28.7,100.0,15.3,92.5,167,402664.0,Pass,Successful,15
274,2610527513.0,14.0,93.7,6.1,67.6,167,101374.0,Pass,Successful,15
275,2610527681.0,6.6,66.5,30.2,7.3,167,121774.0,Pass,Successful,15
276,2610527751.0,57.2,23.3,69.5,16.1,167,69778.0,Pass,Successful,15
277,2610527881.0,70.8,20.8,76.0,11.2,167,331254.0,Pass,Successful,15
278,2610527911.0,80.1,15.9,80.7,27.0,167,365409.0,Pass,Successful,15
279,2610527941.0,80.7,27.0,73.3,36.8,167,331254.0,Pass,Successful,15
280,2610528003.0,73.3,36.8,71.4,59.5,167,303139.0,Pass,Successful,15
281,2610528067.0,74.4,55.9,81.7,75.8,167,101374.0,Pass,Successful,15
282,2610528147.0,83.2,75.0,97.5,72.3,167,113069.0,Pass,Successful,15
283,2610528173.0,97.5,73.5,91.8,45.9,167,136741.0,Pass,Unsuccessful,15
286,2610528915.0,4.9,60.6,3.0,43.5,32,22079.0,Pass,Successful,16
287,2610529053.0,7.6,46.1,13.7,89.7,32,260843.0,Pass,Successful,16
288,2610529291.0,13.7,80.8,7.1,50.5,32,100008.0,Pass,Successful,16
289,2610529329.0,18.4,31.7,52.9,46.4,32,260843.0,Pass,Unsuccessful,16
290,2610529359.0,47.9,47.0,68.6,50.0,167,303139.0,Pass,Successful,16
294,2610530141.0,64.8,47.5,69.0,63.5,167,303139.0,Pass,Successful,17
295,2610530175.0,70.6,67.2,73.3,78.4,167,136741.0,Pass,Successful,17
296,2610530245.0,73.3,79.9,84.5,95.6,167,402664.0,Pass,Successful,17
297,2610530255.0,87.2,85.6,77.1,80.6,167,113069.0,Pass,Successful,17
298,2610530273.0,77.1,80.6,79.9,91.5,167,136741.0,Pass,Successful,17
299,2610530335.0,79.9,91.5,95.1,83.1,167,113069.0,Pass,Successful,17
300,2610530361.0,95.1,83.1,92.7,55.6,167,136741.0,Pass,Unsuccessful,17
302,2610530475.0,24.3,26.5,30.7,6.4,32,439584.0,Pass,Unsuccessful,17
303,2610530611.0,68.7,91.4,47.1,61.6,167,113069.0,Pass,Successful,17
304,2610530649.0,44.8,41.4,55.0,16.7,167,313171.0,Pass,Successful,17
305,2610530743.0,54.7,17.9,46.6,34.3,167,69778.0,Pass,Successful,17
306,2610530769.0,55.2,27.0,54.9,7.5,167,313171.0,Pass,Successful,17
307,2610530971.0,54.9,7.5,45.0,35.6,167,69778.0,Pass,Successful,17
308,2610530999.0,36.7,55.7,34.2,66.4,167,303139.0,Pass,Successful,17
309,2610531107.0,35.8,68.1,45.8,94.4,167,402664.0,Pass,Successful,17
310,2610531141.0,47.2,91.4,43.9,80.9,167,136741.0,Pass,Successful,17
311,2610531239.0,44.9,83.9,42.0,93.4,167,402664.0,Pass,Successful,18
312,2610531369.0,41.8,81.2,37.0,51.2,167,136741.0,Pass,Successful,18
313,2610531465.0,37.3,42.9,41.8,74.0,167,313171.0,Pass,Successful,18
314,2610531507.0,64.4,83.4,69.1,94.7,167,402664.0,Pass,Unsuccessful,18
316,2610531597.0,66.2,100.0,55.2,92.2,167,113069.0,Pass,Successful,18
317,2610531661.0,53.6,87.1,46.4,65.0,167,402664.0,Pass,Successful,18
318,2610531757.0,52.8,58.6,53.4,81.9,167,313171.0,Pass,Successful,18
319,2610531813.0,60.3,81.2,66.7,96.3,167,402664.0,Pass,Successful,18
320,2610531837.0,75.3,89.5,75.5,81.7,167,113069.0,Pass,Successful,18
321,2610531845.0,75.5,81.7,80.4,87.0,167,365409.0,Pass,Unsuccessful,18
322,2610531863.0,23.5,20.0,0.0,36.5,32,353418.0,Pass,Unsuccessful,18
325,2610532551.0,99.7,99.5,96.3,75.6,167,365409.0,Pass,Successful,19
326,2610532653.0,95.8,75.2,90.8,82.8,167,101374.0,Pass,Successful,19
331,2610533271.0,99.5,0.5,92.5,60.5,167,365409.0,Pass,Unsuccessful,19
336,2610533353.0,78.8,73.3,61.5,47.0,167,113069.0,Pass,Successful,20
337,2610533407.0,61.5,47.0,66.2,21.0,167,69778.0,Pass,Successful,20
338,2610533471.0,69.8,20.3,85.5,32.9,167,365409.0,Pass,Unsuccessful,20
341,2610534859.0,30.1,77.6,37.7,81.3,32,69344.0,Pass,Unsuccessful,20
343,2610533535.0,60.2,25.2,55.0,34.5,167,365409.0,Pass,Successful,20
344,2610533631.0,55.2,32.4,58.1,20.5,167,69778.0,Pass,Successful,20
345,2610533697.0,66.3,15.2,100.0,30.4,167,365409.0,Pass,Unsuccessful,20
346,2610534075.0,5.1,60.4,6.9,47.9,32,22079.0,Pass,Successful,20
347,2610534265.0,7.7,48.4,16.4,87.5,32,260843.0,Pass,Successful,20
348,2610534287.0,13.1,83.7,26.8,58.9,32,100008.0,Pass,Successful,20
349,2610534315.0,27.0,59.1,44.5,53.3,32,69344.0,Pass,Unsuccessful,20
351,2610534375.0,31.5,69.1,33.8,66.7,32,100008.0,Pass,Successful,20
353,2610534407.0,68.1,30.8,69.3,17.6,167,315227.0,Pass,Successful,20
357,2610535175.0,65.4,17.2,92.9,53.2,167,365409.0,Pass,Unsuccessful,21
363,2610539235.0,50.1,49.9,48.1,49.7,32,439584.0,Pass,Successful,26
364,2610744695.0,47.0,49.6,39.4,90.2,32,336915.0,Pass,Successful,26
365,2610744771.0,33.9,92.5,32.9,72.3,32,100008.0,Pass,Successful,26
366,2610539241.0,34.8,73.6,27.8,46.0,32,248144.0,Pass,Successful,26
367,2610744881.0,25.9,44.1,8.2,51.0,32,99487.0,Pass,Successful,26
368,2610539253.0,10.0,54.5,28.9,65.6,32,260843.0,Pass,Successful,26
369,2610539277.0,30.1,66.5,35.7,93.3,32,248144.0,Pass,Successful,26
370,2610539301.0,34.4,93.3,23.5,85.3,32,100008.0,Pass,Successful,26
371,2610539369.0,25.2,85.9,7.0,49.9,32,22079.0,Pass,Successful,26
372,2610539417.0,7.0,49.2,25.2,38.4,32,260843.0,Pass,Successful,26
373,2610539449.0,30.8,35.6,37.4,35.6,32,69344.0,Pass,Successful,27
374,2610539483.0,37.4,35.6,33.5,59.1,32,123761.0,Pass,Successful,27
375,2610539547.0,41.9,62.6,57.3,95.3,32,248144.0,Pass,Successful,27
376,2610539617.0,62.2,86.6,58.9,73.8,32,100008.0,Pass,Successful,27
377,2610539665.0,60.7,70.9,60.7,77.8,32,248144.0,Pass,Successful,27
378,2610539743.0,59.6,75.4,46.5,32.6,32,336915.0,Pass,Successful,27
379,2610539777.0,47.3,33.2,45.2,55.4,32,99487.0,Pass,Successful,27
380,2610539803.0,45.6,56.0,54.6,77.0,32,22079.0,Pass,Successful,27
381,2610539825.0,57.2,76.3,66.2,95.0,32,248144.0,Pass,Successful,27
382,2610539833.0,67.7,94.4,70.0,88.8,32,100008.0,Pass,Successful,27
383,2610539839.0,70.0,88.8,67.9,95.1,32,300299.0,Pass,Successful,27
384,2610539881.0,67.9,95.1,62.4,90.4,32,100008.0,Pass,Successful,27
385,2610539927.0,59.2,89.8,42.1,74.7,32,248144.0,Pass,Successful,27
386,2610539965.0,38.5,69.1,29.3,52.7,32,22079.0,Pass,Successful,27
387,2610540013.0,33.4,63.9,35.3,93.8,32,99487.0,Pass,Successful,27
388,2610540083.0,30.7,92.4,13.7,54.2,32,248144.0,Pass,Successful,27
389,2610540125.0,12.9,48.9,20.0,23.3,32,260843.0,Pass,Successful,27
390,2610540143.0,20.6,19.2,26.3,9.9,32,69344.0,Pass,Successful,27
391,2610540169.0,25.8,9.7,28.3,19.0,32,353418.0,Pass,Successful,27
392,2610540217.0,26.4,17.6,20.1,13.8,32,99487.0,Pass,Successful,27
393,2610540275.0,19.0,24.2,2.4,46.0,32,353418.0,Pass,Successful,27
394,2610540317.0,8.1,60.7,37.8,86.8,32,260843.0,Pass,Unsuccessful,28
398,2610540435.0,74.2,14.2,73.9,18.8,167,69778.0,Pass,Successful,28
399,2610540445.0,69.3,13.5,65.8,22.3,167,331254.0,Pass,Successful,28
400,2610540459.0,64.8,23.8,46.6,57.8,167,303139.0,Pass,Successful,28
401,2610540503.0,45.8,61.1,56.8,76.0,167,402664.0,Pass,Successful,28
402,2610540547.0,55.1,70.6,45.1,79.7,167,136741.0,Pass,Successful,28
403,2610540597.0,42.3,86.6,21.0,54.9,167,402664.0,Pass,Successful,28
404,2610540645.0,22.7,53.4,29.2,27.4,167,121774.0,Pass,Successful,28
405,2610540707.0,33.6,26.0,32.7,39.0,167,313171.0,Pass,Successful,28
406,2610540733.0,32.7,39.0,38.0,20.1,167,303139.0,Pass,Successful,28
407,2610540747.0,44.4,15.6,49.1,2.1,167,313171.0,Pass,Successful,28
408,2610540769.0,48.2,3.2,35.1,20.8,167,69778.0,Pass,Successful,28
409,2610540799.0,33.5,22.6,31.9,46.8,167,313171.0,Pass,Successful,28
410,2610540933.0,39.2,58.6,41.6,34.5,167,303139.0,Pass,Successful,28
411,2610540971.0,44.3,32.6,64.8,35.1,167,313171.0,Pass,Successful,29
415,2610541065.0,40.9,63.2,66.7,40.6,32,99487.0,Pass,Unsuccessful,29
416,2610541079.0,31.4,62.7,33.9,54.9,167,402664.0,Pass,Successful,29
418,2610541115.0,32.7,54.7,14.0,55.6,167,303139.0,Pass,Successful,29
419,2610541147.0,14.0,55.6,50.9,100.0,167,121774.0,Pass,Unsuccessful,29
420,2610541509.0,40.5,0.0,37.3,23.5,32,353418.0,Pass,Successful,29
421,2610541529.0,34.5,27.0,30.9,69.5,32,99487.0,Pass,Successful,29
422,2610745385.0,30.9,79.0,27.5,95.7,32,22079.0,Pass,Successful,29
423,2610745415.0,27.5,95.7,16.1,53.9,32,100008.0,Pass,Successful,29
424,2610541545.0,23.5,49.5,30.8,81.9,32,260843.0,Pass,Successful,29
425,2610541557.0,32.5,82.7,33.4,96.1,32,100008.0,Pass,Successful,29
426,2610541581.0,33.5,97.7,37.4,98.0,32,22079.0,Pass,Unsuccessful,29
428,2610541871.0,38.3,100.0,36.9,91.5,32,100008.0,Pass,Successful,30
429,2610541883.0,36.2,91.5,31.1,97.6,32,22079.0,Pass,Successful,30
430,2610541937.0,29.7,95.3,4.2,63.0,32,100008.0,Pass,Successful,30
431,2610542133.0,14.4,54.6,20.9,93.9,32,260843.0,Pass,Successful,30
432,2610542177.0,22.2,94.4,53.6,96.8,32,22079.0,Pass,Unsuccessful,30
434,2610542213.0,46.5,5.1,58.0,5.6,167,69778.0,Pass,Successful,30
435,2610542249.0,52.8,5.4,29.0,31.8,167,331254.0,Pass,Unsuccessful,30
444,2610542417.0,97.9,25.0,95.9,37.1,32,439584.0,Pass,Successful,30
446,2610542835.0,3.8,47.0,8.8,34.5,167,121774.0,Pass,Successful,31
447,2610542857.0,8.5,36.5,16.9,36.3,167,313171.0,Pass,Successful,31
448,2610745823.0,16.7,38.0,5.2,75.8,167,303139.0,Pass,Successful,31
449,2610542963.0,8.6,78.0,28.2,94.9,167,121774.0,Pass,Successful,31
450,2610543013.0,48.4,89.3,56.8,89.7,167,402664.0,Pass,Successful,31
451,2610543031.0,77.1,82.8,82.7,54.2,167,136741.0,Pass,Unsuccessful,31
453,2610543141.0,76.2,82.1,76.7,91.4,167,113069.0,Pass,Successful,31
454,2610543195.0,73.9,85.5,67.1,69.1,167,136741.0,Pass,Successful,31
455,2610543237.0,69.0,61.8,69.6,24.8,167,101374.0,Pass,Successful,31
456,2610543325.0,69.8,24.5,82.6,12.0,167,69778.0,Pass,Successful,31
457,2610543333.0,81.6,30.8,76.7,28.7,167,331254.0,Pass,Successful,31
458,2610543361.0,76.7,28.7,75.3,16.7,167,303139.0,Pass,Successful,31
459,2610543411.0,75.3,16.7,77.9,28.6,167,69778.0,Pass,Successful,31
460,2610543509.0,73.9,48.3,83.4,91.2,167,331254.0,Pass,Successful,31
461,2610543535.0,83.5,88.8,92.2,70.9,167,113069.0,Pass,Successful,31
462,2610543543.0,93.5,74.6,90.9,76.0,167,331254.0,Pass,Unsuccessful,31
465,2610543583.0,11.2,35.8,10.5,33.5,32,69344.0,Pass,Unsuccessful,31
467,2610545353.0,4.8,50.9,6.8,36.9,32,260843.0,Pass,Successful,32
468,2610543961.0,12.7,32.6,17.9,4.8,32,99487.0,Pass,Successful,32
469,2610746181.0,26.9,4.6,61.6,16.4,32,353418.0,Pass,Unsuccessful,32
470,2610543997.0,43.0,82.8,47.4,89.2,167,101374.0,Pass,Successful,32
472,2610544049.0,45.7,84.1,15.5,71.5,167,402664.0,Pass,Successful,32
473,2610544177.0,15.5,67.9,20.1,51.7,167,121774.0,Pass,Successful,32
474,2610544249.0,26.3,47.0,34.0,21.6,167,101374.0,Pass,Successful,32
475,2610544359.0,35.7,19.8,50.3,2.7,167,313171.0,Pass,Successful,32
476,2610544431.0,44.6,7.8,33.6,9.3,167,69778.0,Pass,Successful,32
477,2610544527.0,29.6,16.7,18.1,46.6,167,313171.0,Pass,Successful,32
478,2610544609.0,28.6,65.0,59.5,93.1,167,121774.0,Pass,Successful,33
479,2610544687.0,71.7,82.6,77.6,89.3,167,402664.0,Pass,Successful,33
480,2610544747.0,76.8,88.8,93.0,84.3,167,136741.0,Pass,Successful,33
481,2610544791.0,94.6,83.4,100.0,51.0,167,402664.0,Pass,Unsuccessful,33
482,2610545159.0,5.0,58.0,6.9,47.9,32,22079.0,Pass,Successful,33
483,2610545193.0,11.9,42.8,54.9,45.4,32,260843.0,Pass,Unsuccessful,33
484,2610545213.0,46.3,56.6,53.1,54.4,167,101374.0,Pass,Unsuccessful,33
485,2610545227.0,44.3,49.8,60.1,47.0,32,248144.0,Pass,Unsuccessful,33
487,2610545247.0,38.4,56.1,45.5,55.7,167,101374.0,Pass,Successful,33
488,2610545281.0,45.5,55.7,40.0,70.1,167,136741.0,Pass,Successful,33
489,2610545339.0,42.6,76.3,49.6,89.5,167,402664.0,Pass,Successful,33
490,2610545423.0,36.7,70.9,39.3,26.4,167,113069.0,Pass,Successful,33
491,2610545479.0,60.9,17.8,71.7,11.7,167,69778.0,Pass,Successful,33
492,2610545503.0,74.8,11.5,69.3,4.9,167,331254.0,Pass,Successful,34
493,2610545525.0,69.3,4.9,68.3,18.4,167,69778.0,Pass,Successful,34
494,2610545593.0,67.5,19.3,61.1,29.6,167,303139.0,Pass,Successful,34
495,2610545621.0,61.5,25.0,65.1,25.2,167,313171.0,Pass,Successful,34
496,2610545721.0,64.4,25.7,54.4,55.1,167,303139.0,Pass,Successful,34
497,2610545763.0,68.3,73.6,76.8,88.2,167,402664.0,Pass,Successful,34
498,2610545787.0,78.3,88.2,81.5,73.1,167,136741.0,Pass,Successful,34
499,2610545825.0,81.5,73.1,73.3,81.6,167,101374.0,Pass,Successful,34
500,2610545917.0,73.3,81.6,64.8,79.5,167,136741.0,Pass,Successful,34
501,2610546065.0,58.1,88.3,41.5,64.2,167,402664.0,Pass,Successful,34
502,2610546151.0,37.8,44.4,46.1,9.1,167,313171.0,Pass,Successful,34
503,2610546215.0,45.1,10.5,38.4,29.9,167,69778.0,Pass,Successful,34
504,2610546271.0,39.8,31.1,38.6,41.1,167,313171.0,Pass,Successful,34
505,2610546301.0,40.4,37.8,59.0,79.4,167,303139.0,Pass,Successful,34
506,2610546365.0,61.2,85.5,66.0,98.3,167,136741.0,Pass,Successful,34
507,2610546393.0,72.4,92.4,80.1,72.8,167,113069.0,Pass,Successful,34
510,2610546503.0,78.0,72.8,72.7,77.4,167,136741.0,Pass,Successful,34
511,2610546537.0,70.9,72.5,68.8,86.1,167,101374.0,Pass,Successful,35
512,2610546577.0,68.8,86.1,59.8,62.3,167,402664.0,Pass,Successful,35
513,2610546595.0,60.2,59.5,73.6,58.1,167,313171.0,Pass,Successful,35
514,2610546611.0,73.6,58.1,69.8,60.6,167,315227.0,Pass,Successful,35
515,2610546629.0,69.8,60.6,72.6,52.9,167,101374.0,Pass,Unsuccessful,35
517,2610546711.0,62.1,35.8,75.7,10.8,167,303139.0,Pass,Successful,35
518,2610546747.0,77.5,17.2,89.6,16.9,167,331254.0,Pass,Successful,35
519,2610546777.0,91.3,18.8,93.9,49.8,167,365409.0,Pass,Unsuccessful,35
524,2610547393.0,99.5,99.5,95.4,55.9,167,365409.0,Pass,Unsuccessful,35
526,2610547527.0,71.7,66.7,74.1,91.9,167,331254.0,Pass,Successful,35
527,2610547561.0,77.6,93.6,72.6,92.4,167,113069.0,Pass,Successful,36
528,2610547605.0,72.3,86.3,65.4,60.1,167,365409.0,Pass,Successful,36
529,2610547659.0,65.6,56.6,62.1,22.6,167,313171.0,Pass,Successful,36
530,2610547807.0,61.0,25.4,55.8,66.7,167,136741.0,Pass,Successful,36
531,2610547843.0,69.6,65.7,71.7,80.2,167,402664.0,Pass,Successful,36
532,2610547881.0,73.5,75.8,86.2,84.4,167,303139.0,Pass,Successful,36
540,2610549477.0,99.5,99.5,97.3,51.7,167,365409.0,Pass,Unsuccessful,37
544,2610549575.0,71.8,26.7,63.4,43.1,167,331254.0,Pass,Successful,38
545,2610549643.0,63.4,43.1,65.6,23.7,167,69778.0,Pass,Successful,38
546,2610549693.0,67.0,29.9,84.6,61.8,167,331254.0,Pass,Successful,38
547,2610549711.0,84.6,61.8,100.0,80.1,167,313171.0,Pass,Unsuccessful,38
548,2610549981.0,4.7,59.5,3.4,47.8,32,22079.0,Pass,Successful,38
551,2610550227.0,43.7,56.1,41.8,39.2,167,101374.0,Pass,Successful,38
552,2610550249.0,43.8,34.5,45.3,8.6,167,313171.0,Pass,Successful,38
553,2610550381.0,45.3,8.5,79.0,18.1,167,69778.0,Pass,Successful,38
554,2610550503.0,71.7,39.4,77.6,81.2,167,365409.0,Pass,Successful,38
559,2610551131.0,99.5,99.5,93.8,49.2,167,365409.0,Pass,Unsuccessful,39
561,2610551263.0,63.3,52.9,63.4,30.2,167,69778.0,Pass,Successful,39
562,2610551313.0,59.4,34.6,44.6,47.5,167,331254.0,Pass,Successful,39
563,2610551365.0,45.8,47.8,67.4,96.4,167,69778.0,Pass,Successful,39
566,2610551877.0,66.2,94.2,55.6,94.6,167,136741.0,Pass,Successful,40
569,2610551971.0,65.5,93.6,65.3,78.0,167,402664.0,Pass,Successful,40
570,2610551991.0,65.1,76.0,56.9,69.1,167,101374.0,Pass,Successful,40
571,2610552019.0,56.3,63.7,64.3,21.5,167,303139.0,Pass,Successful,40
572,2610552067.0,71.0,17.8,81.2,7.8,167,69778.0,Pass,Successful,40
573,2610552109.0,78.7,13.7,70.7,17.4,167,331254.0,Pass,Successful,40
574,2610552225.0,70.9,18.3,62.8,29.6,167,69778.0,Pass,Successful,40
575,2610552239.0,67.8,23.3,69.6,29.6,167,303139.0,Pass,Successful,40
576,2610552259.0,69.6,29.6,61.0,29.4,167,365409.0,Pass,Successful,40
577,2610552449.0,63.4,22.1,73.0,5.1,167,303139.0,Pass,Successful,40
578,2610552499.0,66.4,16.9,57.0,26.9,167,331254.0,Pass,Successful,40
579,2610552545.0,57.0,26.9,63.5,30.9,167,303139.0,Pass,Successful,41
580,2610552571.0,63.3,18.3,62.0,9.3,167,101374.0,Pass,Successful,41
581,2610552585.0,60.8,14.5,66.2,27.5,167,331254.0,Pass,Successful,41
582,2610552615.0,66.2,27.5,62.5,27.5,167,69778.0,Pass,Successful,41
583,2610552645.0,60.5,35.3,53.8,57.3,167,331254.0,Pass,Successful,41
584,2610552681.0,56.8,57.3,66.8,77.5,167,402664.0,Pass,Successful,41
585,2610552739.0,70.8,81.2,80.4,93.1,167,136741.0,Pass,Successful,41
588,2610552787.0,80.1,79.4,90.2,65.9,167,113069.0,Pass,Successful,41
589,2610552829.0,90.2,65.9,80.2,68.2,167,331254.0,Pass,Successful,41
599,2610553935.0,23.1,30.5,13.4,50.3,32,248144.0,Pass,Successful,42
600,2610553957.0,15.7,46.6,19.2,33.0,32,260843.0,Pass,Successful,42
601,2610746883.0,21.3,32.3,8.0,49.9,32,248144.0,Pass,Successful,42
602,2610746935.0,8.0,49.9,12.7,85.6,32,260843.0,Pass,Successful,42
603,2610553965.0,10.0,90.7,21.2,98.3,32,22079.0,Pass,Successful,42
604,2610553983.0,18.2,96.2,39.3,100.0,32,100008.0,Pass,Unsuccessful,42
605,2610554219.0,67.8,0.0,84.5,4.2,167,69778.0,Pass,Unsuccessful,42
609,2610554803.0,99.5,0.5,94.0,53.7,167,365409.0,Pass,Unsuccessful,43
613,2610555143.0,87.0,100.0,81.7,93.6,167,402664.0,Pass,Successful,43
614,2610555265.0,76.6,93.2,62.7,33.3,167,303139.0,Pass,Successful,43
615,2610555323.0,75.7,21.3,81.6,11.5,167,69778.0,Pass,Successful,44
616,2610555351.0,82.9,10.8,98.3,25.0,167,331254.0,Pass,Successful,44
617,2610555371.0,98.6,25.5,93.8,43.6,167,69778.0,Pass,Unsuccessful,44
621,2610555827.0,99.5,0.5,92.7,58.8,167,365409.0,Pass,Unsuccessful,44
626,2610556123.0,74.7,69.4,73.3,30.8,167,113069.0,Pass,Successful,44
629,2610556141.0,76.6,48.5,80.7,49.0,167,365409.0,Pass,Successful,44
630,2610556165.0,80.7,49.0,78.7,63.7,167,315227.0,Pass,Successful,44
632,2610556185.0,24.5,38.2,28.6,45.0,32,300299.0,Pass,Successful,44
634,2610556197.0,25.3,45.1,28.6,41.7,32,336915.0,Pass,Successful,44
635,2610556205.0,28.6,41.7,33.2,47.8,32,300299.0,Pass,Unsuccessful,45
637,2610556321.0,34.3,52.2,45.6,74.4,32,300299.0,Pass,Successful,45
638,2610556421.0,54.8,74.9,80.9,17.8,32,123761.0,Pass,Unsuccessful,45
640,2610556553.0,60.7,8.5,56.1,27.8,32,353418.0,Pass,Successful,45
641,2610556605.0,55.8,30.6,46.8,61.5,32,69344.0,Pass,Successful,45
642,2610556677.0,46.8,61.5,59.9,84.9,32,22079.0,Pass,Successful,45
643,2610556713.0,63.7,81.7,69.1,67.1,32,100008.0,Pass,Successful,45
644,2610556755.0,67.1,70.5,60.5,69.1,32,439584.0,Pass,Successful,45
645,2610556841.0,55.8,61.2,51.4,46.9,32,22079.0,Pass,Successful,45
646,2610556895.0,42.1,25.6,53.2,4.9,32,99487.0,Pass,Successful,45
647,2610556999.0,53.2,4.9,84.6,50.8,32,300299.0,Pass,Successful,45
652,2610557343.0,99.5,99.5,79.5,81.6,32,123761.0,Pass,Successful,45
653,2610557377.0,77.9,77.2,100.0,35.6,32,69344.0,Pass,Unsuccessful,46
654,2610557999.0,5.1,48.8,71.6,46.8,167,121774.0,Pass,Unsuccessful,46
655,2610558011.0,30.5,53.4,42.2,65.3,32,22079.0,Pass,Successful,46
657,2610558021.0,42.2,65.3,44.6,56.6,32,123761.0,Pass,Successful,46
661,2610558081.0,52.3,67.0,52.9,55.1,32,123761.0,Pass,Successful,46
662,2610558107.0,52.9,55.1,52.1,60.3,32,69344.0,Pass,Successful,46
663,2610558181.0,56.3,59.8,63.5,51.9,32,123761.0,Pass,Successful,46
668,2610558235.0,13.9,53.5,37.6,52.5,167,101374.0,Pass,Successful,47
671,2610558293.0,72.1,48.1,81.1,19.0,32,123761.0,Pass,Successful,47
672,2610558333.0,84.8,22.2,94.8,50.1,32,300299.0,Pass,Unsuccessful,47
676,2610558655.0,99.5,0.5,89.6,52.4,32,123761.0,Pass,Successful,47
680,2610559201.0,4.9,53.2,67.3,82.9,167,121774.0,Pass,Unsuccessful,48
683,2610559223.0,32.0,9.6,41.7,22.4,32,99487.0,Pass,Unsuccessful,48
684,2610559399.0,64.2,69.6,63.6,19.8,167,136741.0,Pass,Successful,48
685,2610559467.0,69.8,47.0,80.1,87.1,167,331254.0,Pass,Successful,48
686,2610559495.0,80.6,89.7,71.1,79.7,167,113069.0,Pass,Successful,48
687,2610559527.0,68.0,71.9,67.3,56.9,167,402664.0,Pass,Successful,48
688,2610559577.0,67.3,56.9,76.8,66.4,167,303139.0,Pass,Successful,48
691,2610559655.0,81.5,77.0,96.3,75.0,167,113069.0,Pass,Successful,48
692,2610559707.0,97.3,70.9,95.1,47.3,167,136741.0,Pass,Successful,48
695,2610559749.0,98.3,17.4,98.3,22.1,167,365409.0,Pass,Unsuccessful,48
699,2610560239.0,99.5,0.5,94.3,45.1,167,365409.0,Pass,Unsuccessful,49
709,2610576613.0,50.2,49.7,15.3,49.7,167,136741.0,Pass,Successful,45
710,2610576729.0,19.0,49.0,72.0,17.4,167,121774.0,Pass,Successful,45
713,2610576803.0,72.0,17.4,72.8,0.0,167,315227.0,Pass,Unsuccessful,45
714,2610576901.0,27.4,100.0,26.9,90.4,32,100008.0,Pass,Successful,45
715,2610576947.0,26.9,90.4,23.0,94.8,32,336915.0,Pass,Successful,45
716,2610577007.0,23.0,94.8,27.3,85.7,32,100008.0,Pass,Successful,45
717,2610577031.0,27.6,85.3,36.2,93.3,32,69344.0,Pass,Unsuccessful,45
719,2610577061.0,57.4,6.1,64.5,15.7,167,69778.0,Pass,Unsuccessful,45
720,2610577087.0,29.8,85.4,36.7,76.9,32,69344.0,Pass,Unsuccessful,45
721,2610577151.0,61.6,23.5,84.5,21.5,167,303139.0,Pass,Unsuccessful,45
723,2610577243.0,12.3,78.1,35.6,81.3,32,22079.0,Pass,Successful,45
727,2610577291.0,64.5,13.7,69.0,16.1,167,303139.0,Pass,Successful,45
728,2610577301.0,69.0,16.1,76.0,23.7,167,331254.0,Pass,Unsuccessful,45
729,2610577431.0,11.7,93.5,24.7,95.0,32,22079.0,Pass,Successful,45
730,2610577505.0,24.7,95.0,27.5,80.4,32,300299.0,Pass,Successful,45
731,2610577605.0,35.5,63.6,45.1,12.5,32,69344.0,Pass,Successful,45
734,2610578129.0,34.9,84.6,17.0,85.6,167,136741.0,Pass,Successful,46
735,2610578197.0,17.0,85.6,4.1,49.3,167,402664.0,Pass,Successful,46
736,2610578249.0,4.1,49.3,10.2,10.8,167,121774.0,Pass,Successful,46
737,2610578283.0,10.2,10.8,20.7,3.6,167,313171.0,Pass,Successful,46
738,2610578325.0,20.8,3.6,53.6,10.3,167,69778.0,Pass,Unsuccessful,46
739,2610578359.0,47.7,86.5,64.9,75.4,32,99487.0,Pass,Successful,46
741,2610578391.0,64.9,75.4,61.7,85.7,32,343346.0,Pass,Successful,46
742,2610578413.0,61.7,85.7,66.2,89.8,32,69344.0,Pass,Unsuccessful,46
745,2610578905.0,67.3,89.2,81.0,89.7,32,69344.0,Pass,Successful,46
752,2610579185.0,99.5,99.5,75.3,73.7,32,300299.0,Pass,Successful,47
756,2610579661.0,5.0,52.6,16.2,82.8,167,121774.0,Pass,Successful,47
757,2610747361.0,19.3,83.9,22.1,59.1,167,402664.0,Pass,Successful,47
758,2610747417.0,24.9,58.8,24.1,68.3,167,101374.0,Pass,Successful,47
759,2610747453.0,24.1,68.3,28.9,12.4,167,303139.0,Pass,Successful,47
760,2610579705.0,52.4,14.4,55.5,25.0,167,69778.0,Pass,Successful,47
761,2610579793.0,54.4,23.7,51.6,18.3,167,101374.0,Pass,Successful,47
762,2610579861.0,53.9,32.8,65.6,55.9,167,69778.0,Pass,Successful,47
763,2610579969.0,65.6,55.9,68.9,77.0,167,303139.0,Pass,Successful,47
764,2610580013.0,78.6,75.5,96.5,41.6,167,136741.0,Pass,Successful,47
766,2610580491.0,3.8,58.5,5.4,52.8,32,22079.0,Pass,Successful,48
767,2610580677.0,27.9,51.9,47.3,4.4,32,260843.0,Pass,Successful,48
768,2610580719.0,47.3,4.4,45.5,15.1,32,353418.0,Pass,Successful,48
769,2610580825.0,54.6,18.1,88.4,18.4,32,123761.0,Pass,Unsuccessful,48
771,2610580869.0,10.2,81.2,2.8,57.3,167,402664.0,Pass,Successful,48
772,2610580931.0,2.8,57.3,29.0,19.4,167,121774.0,Pass,Successful,48
773,2610580951.0,37.7,15.9,36.3,16.7,167,331254.0,Pass,Unsuccessful,48
775,2610580977.0,24.6,27.2,33.1,36.0,167,69778.0,Pass,Successful,48
776,2610581055.0,33.5,35.8,53.6,13.2,167,303139.0,Pass,Successful,48
777,2610581183.0,60.8,25.5,73.1,85.6,167,365409.0,Pass,Successful,48
778,2610581231.0,84.0,76.0,93.4,73.6,167,113069.0,Pass,Successful,48
779,2610581315.0,97.5,69.4,95.9,43.6,167,136741.0,Pass,Successful,48
781,2610582911.0,49.9,50.1,30.5,53.0,32,336915.0,Pass,Successful,50
782,2610747783.0,37.8,51.0,28.7,44.4,32,69344.0,Pass,Successful,50
783,2610582943.0,30.5,53.0,34.1,70.2,32,99487.0,Pass,Successful,50
784,2610582955.0,36.1,71.7,64.8,67.3,32,22079.0,Pass,Unsuccessful,50
785,2610582993.0,35.6,30.9,43.7,0.0,167,313171.0,Pass,Unsuccessful,50
786,2610583199.0,54.9,100.0,40.5,81.9,32,100008.0,Pass,Successful,50
787,2610583289.0,38.0,77.3,23.5,60.6,32,22079.0,Pass,Successful,50
788,2610583337.0,23.5,60.6,34.5,55.1,32,260843.0,Pass,Successful,50
789,2610583351.0,35.4,53.9,36.9,51.3,32,336915.0,Pass,Unsuccessful,50
791,2610583467.0,34.4,53.3,48.1,43.4,32,336915.0,Pass,Successful,50
792,2610583539.0,60.9,64.5,74.9,81.7,32,123761.0,Pass,Successful,50
796,2610583665.0,71.8,68.0,68.9,38.8,32,123761.0,Pass,Successful,50
797,2610583727.0,71.3,34.8,80.9,12.2,32,336915.0,Pass,Successful,50
798,2610583747.0,82.0,12.3,86.0,17.5,32,353418.0,Pass,Unsuccessful,50
801,2610583893.0,11.8,82.2,18.1,71.1,167,113069.0,Pass,Successful,50
804,2610584451.0,16.9,70.3,19.1,45.6,167,121774.0,Pass,Successful,51
805,2610747963.0,18.3,43.5,28.9,55.3,167,313171.0,Pass,Successful,51
806,2610584469.0,23.4,56.2,17.0,32.9,167,101374.0,Pass,Successful,51
807,2610584485.0,17.0,32.9,23.3,37.7,167,313171.0,Pass,Successful,51
808,2610584569.0,23.3,37.7,9.5,59.8,167,303139.0,Pass,Successful,51
809,2610584647.0,17.2,66.5,30.3,0.0,167,121774.0,Pass,Unsuccessful,51
810,2610584861.0,64.9,100.0,46.0,89.1,32,100008.0,Pass,Successful,51
811,2610584889.0,44.6,88.6,29.0,68.7,32,22079.0,Pass,Successful,51
812,2610584993.0,28.8,67.1,29.6,43.4,32,99487.0,Pass,Successful,51
813,2610585027.0,35.8,40.5,77.6,72.3,32,260843.0,Pass,Successful,51
814,2610585097.0,77.6,72.3,71.5,68.7,32,439584.0,Pass,Successful,51
815,2610585149.0,71.0,76.4,75.3,90.4,32,300299.0,Pass,Successful,51
816,2610585181.0,71.9,80.4,72.6,62.4,32,100008.0,Pass,Successful,51
817,2610585195.0,72.6,62.4,69.6,57.4,32,123761.0,Pass,Unsuccessful,51
819,2610585235.0,72.1,63.3,78.6,61.0,32,123761.0,Pass,Successful,51
820,2610585265.0,79.9,60.1,75.9,40.3,32,439584.0,Pass,Unsuccessful,51
822,2610585327.0,21.2,57.8,4.1,57.6,167,113069.0,Pass,Successful,51
823,2610585405.0,4.1,57.6,62.4,88.8,167,121774.0,Pass,Unsuccessful,51
824,2610585469.0,38.2,10.9,46.4,6.7,32,99487.0,Pass,Successful,52
826,2610585563.0,45.8,8.7,42.1,26.6,32,353418.0,Pass,Successful,52
827,2610585595.0,47.7,46.6,48.1,83.0,32,69344.0,Pass,Successful,52
828,2610585625.0,48.4,83.7,58.4,91.3,32,100008.0,Pass,Successful,52
829,2610585637.0,58.4,91.3,44.1,89.5,32,300299.0,Pass,Successful,52
830,2610585719.0,39.4,83.9,37.4,57.8,32,100008.0,Pass,Successful,52
831,2610585851.0,35.7,50.1,36.6,28.0,32,22079.0,Pass,Successful,52
832,2610585923.0,44.3,28.1,57.1,88.9,32,99487.0,Pass,Successful,52
833,2610585977.0,57.1,88.9,41.1,83.0,32,100008.0,Pass,Successful,52
834,2610586013.0,42.9,82.1,54.1,87.2,32,22079.0,Pass,Successful,52
835,2610586051.0,54.1,87.2,43.0,76.4,32,343346.0,Pass,Successful,52
836,2610586077.0,43.0,76.4,47.0,71.9,32,22079.0,Pass,Successful,52
837,2610586123.0,47.0,71.9,50.8,87.5,32,69344.0,Pass,Successful,52
838,2610586167.0,50.8,87.5,34.5,72.5,32,343346.0,Pass,Successful,52
839,2610586333.0,32.2,71.1,23.1,58.3,32,22079.0,Pass,Successful,52
840,2610586373.0,32.6,56.6,53.5,90.1,32,260843.0,Pass,Successful,52
841,2610586399.0,53.5,90.1,63.0,84.2,32,100008.0,Pass,Unsuccessful,52
843,2610586473.0,39.0,84.3,36.8,63.2,32,69344.0,Pass,Unsuccessful,52
844,2610586513.0,62.5,35.5,76.4,0.0,167,315227.0,Pass,Unsuccessful,52
845,2610586955.0,30.0,100.0,48.6,90.9,32,100008.0,Pass,Unsuccessful,53
846,2610587009.0,49.5,11.7,61.2,12.5,167,69778.0,Pass,Successful,53
849,2610587057.0,61.2,12.5,60.1,15.9,167,303139.0,Pass,Unsuccessful,53
852,2610587053.0,30.7,86.9,31.6,83.3,32,343346.0,Pass,Unsuccessful,53
854,2610587101.0,28.3,78.6,37.3,75.2,32,343346.0,Pass,Unsuccessful,53
856,2610587115.0,58.1,21.6,57.4,38.7,167,303139.0,Pass,Successful,53
857,2610587191.0,57.4,38.7,88.6,79.4,167,136741.0,Pass,Successful,53
858,2610587219.0,88.6,79.4,96.6,52.0,167,402664.0,Pass,Unsuccessful,53
860,2610587365.0,15.8,47.9,29.0,46.7,32,260843.0,Pass,Successful,53
861,2610587383.0,33.7,51.3,34.9,53.0,32,336915.0,Pass,Unsuccessful,53
864,2610587511.0,58.5,11.5,67.8,5.4,167,69778.0,Pass,Successful,53
865,2610587653.0,67.8,5.4,62.5,4.6,167,331254.0,Pass,Successful,53
866,2610587679.0,72.6,18.8,68.8,12.5,167,69778.0,Pass,Successful,53
867,2610587729.0,68.8,12.5,68.4,36.2,167,303139.0,Pass,Successful,53
868,2610587887.0,68.4,36.2,69.4,87.8,167,101374.0,Pass,Successful,53
869,2610587903.0,75.3,81.9,85.9,88.8,167,113069.0,Pass,Successful,54
870,2610587935.0,85.9,88.8,74.4,86.0,167,136741.0,Pass,Successful,54
871,2610587965.0,74.7,84.4,62.9,70.1,167,113069.0,Pass,Successful,54
872,2610588015.0,62.2,66.7,63.7,31.1,167,402664.0,Pass,Successful,54
873,2610588083.0,63.4,26.0,75.6,9.1,167,69778.0,Pass,Successful,54
874,2610588145.0,75.5,18.1,84.1,34.0,167,331254.0,Pass,Successful,54
875,2610588169.0,88.9,17.8,84.0,10.5,167,303139.0,Pass,Successful,54
876,2610588231.0,84.0,10.5,69.5,12.0,167,365409.0,Pass,Successful,54
877,2610588287.0,64.2,15.1,46.6,44.8,167,69778.0,Pass,Successful,54
878,2610588325.0,46.2,49.2,45.6,78.4,167,313171.0,Pass,Successful,54
879,2610588375.0,45.6,78.4,64.7,79.5,167,402664.0,Pass,Successful,54
880,2610588435.0,64.9,79.2,68.2,94.7,167,136741.0,Pass,Successful,54
884,2610588575.0,34.5,9.4,35.9,12.3,32,353418.0,Pass,Unsuccessful,54
886,2610588623.0,28.0,32.1,33.4,48.4,32,99487.0,Pass,Unsuccessful,54
890,2610589313.0,92.5,0.0,94.6,27.9,167,69778.0,Pass,Successful,55
891,2610589441.0,95.6,15.4,92.9,4.4,167,315227.0,Pass,Successful,55
892,2610589503.0,77.9,5.4,45.0,6.4,167,69778.0,Pass,Successful,55
893,2610589595.0,43.1,7.8,23.3,41.9,167,313171.0,Pass,Successful,55
894,2610589621.0,27.0,44.3,32.5,31.3,167,121774.0,Pass,Successful,55
895,2610589675.0,32.5,31.3,25.3,15.7,167,303139.0,Pass,Successful,55
896,2610589875.0,25.3,15.7,15.4,42.9,167,313171.0,Pass,Successful,55
897,2610589925.0,26.4,50.7,51.4,42.1,167,121774.0,Pass,Successful,55
898,2610590053.0,56.4,34.6,65.7,12.4,167,365409.0,Pass,Successful,55
899,2610590099.0,70.6,32.9,71.4,58.9,167,331254.0,Pass,Successful,55
904,2610590361.0,2.2,98.5,10.5,97.1,32,300299.0,Pass,Unsuccessful,56
906,2610590895.0,7.7,100.0,16.7,96.0,32,100008.0,Pass,Successful,56
907,2610590927.0,14.8,95.8,9.1,96.2,32,300299.0,Pass,Successful,56
908,2610603413.0,9.7,94.6,31.2,64.7,32,100008.0,Pass,Successful,56
909,2610590955.0,29.2,54.5,27.3,74.1,32,343346.0,Pass,Unsuccessful,56
911,2610590943.0,67.7,18.6,74.7,25.9,167,303139.0,Pass,Unsuccessful,56
913,2610591563.0,25.3,72.8,33.7,72.6,32,22079.0,Pass,Successful,56
914,2610591001.0,40.1,76.4,35.7,70.0,32,439584.0,Pass,Successful,56
915,2610591067.0,35.7,70.0,45.5,75.4,32,69344.0,Pass,Successful,56
920,2610591119.0,26.9,25.2,37.8,29.6,167,69778.0,Pass,Successful,56
921,2610591201.0,38.4,29.1,29.6,41.1,167,303139.0,Pass,Successful,56
922,2610591235.0,29.6,41.1,9.5,46.6,167,136741.0,Pass,Successful,56
923,2610591283.0,9.5,46.6,20.0,33.3,167,121774.0,Pass,Successful,56
924,2610591311.0,20.0,33.3,18.8,27.0,167,303139.0,Pass,Successful,56
925,2610591501.0,18.8,27.0,6.6,50.7,167,313171.0,Pass,Successful,57
926,2610591557.0,19.1,52.0,41.3,97.9,167,121774.0,Pass,Successful,57
927,2610591773.0,64.0,96.6,55.2,95.1,167,402664.0,Pass,Successful,57
928,2610591855.0,46.6,80.1,33.2,48.5,167,136741.0,Pass,Successful,57
929,2610591921.0,41.7,34.3,44.5,56.2,167,313171.0,Pass,Successful,57
930,2610592021.0,51.9,57.9,58.8,40.9,167,303139.0,Pass,Successful,57
931,2610592059.0,68.3,52.0,71.4,39.7,167,101374.0,Pass,Successful,57
932,2610592081.0,72.2,36.3,79.9,25.9,167,365409.0,Pass,Successful,57
933,2610592105.0,79.9,25.9,86.7,38.2,167,331254.0,Pass,Successful,57
936,2610592147.0,78.9,35.6,84.5,51.7,167,365409.0,Pass,Successful,57
937,2610592159.0,84.5,51.7,77.3,50.0,167,101374.0,Pass,Successful,57
938,2610592209.0,79.6,51.4,88.1,66.9,167,365409.0,Pass,Successful,57
940,2610592743.0,5.0,49.9,5.4,57.1,32,260843.0,Pass,Successful,58
941,2610748579.0,6.2,55.9,7.6,48.1,32,22079.0,Pass,Successful,58
942,2610592761.0,10.7,49.7,34.2,46.6,32,260843.0,Pass,Successful,58
943,2610748895.0,32.3,45.2,54.6,36.3,32,336915.0,Pass,Successful,58
944,2610748921.0,54.6,36.3,45.0,35.2,32,343346.0,Pass,Successful,58
947,2610592863.0,28.4,94.6,9.9,73.1,167,402664.0,Pass,Successful,58
948,2610592883.0,10.5,79.0,47.0,100.0,167,121774.0,Pass,Unsuccessful,58
949,2610593017.0,53.5,0.0,43.0,17.3,32,353418.0,Pass,Successful,58
950,2610593165.0,40.0,25.4,38.9,42.8,32,99487.0,Pass,Successful,58
951,2610593205.0,37.1,36.2,32.0,22.7,32,22079.0,Pass,Successful,58
952,2610593263.0,35.1,19.0,52.6,22.5,32,99487.0,Pass,Successful,58
956,2610593897.0,54.9,72.1,64.8,82.9,167,101374.0,Pass,Successful,59
959,2610593927.0,25.8,5.2,28.5,5.2,32,353418.0,Pass,Unsuccessful,59
961,2610593997.0,33.4,18.1,30.1,44.6,32,123761.0,Pass,Unsuccessful,59
962,2610594091.0,77.9,37.8,86.0,27.9,167,315227.0,Pass,Successful,59
964,2610594167.0,84.8,15.9,72.4,19.6,167,303139.0,Pass,Successful,59
965,2610594197.0,69.7,17.1,54.7,21.3,167,331254.0,Pass,Successful,59
966,2610594225.0,54.7,21.3,46.4,48.6,167,69778.0,Pass,Successful,59
967,2610594259.0,46.4,48.6,55.0,79.7,167,313171.0,Pass,Successful,59
968,2610594311.0,55.1,83.1,65.4,96.3,167,402664.0,Pass,Successful,59
969,2610594339.0,62.1,94.2,45.0,92.2,167,113069.0,Pass,Successful,60
970,2610594411.0,45.1,91.2,34.4,64.9,167,402664.0,Pass,Successful,60
971,2610594431.0,34.3,61.5,42.8,46.8,167,313171.0,Pass,Successful,60
972,2610594481.0,43.0,46.8,53.5,46.3,167,303139.0,Pass,Successful,60
973,2610594603.0,53.5,46.3,59.4,25.5,167,101374.0,Pass,Successful,60
974,2610594657.0,72.7,15.4,64.8,15.7,167,365409.0,Pass,Successful,60
975,2610594693.0,63.0,14.7,66.7,5.1,167,69778.0,Pass,Successful,60
976,2610594731.0,63.0,7.5,44.3,8.5,167,365409.0,Pass,Successful,60
977,2610594781.0,39.5,10.2,24.0,26.7,167,69778.0,Pass,Successful,60
978,2610594827.0,23.9,28.9,22.9,53.7,167,313171.0,Pass,Successful,60
979,2610594859.0,25.6,53.9,29.4,40.5,167,121774.0,Pass,Successful,60
980,2610594927.0,31.6,35.8,53.1,42.2,167,303139.0,Pass,Successful,60
981,2610594937.0,50.3,33.8,56.3,25.0,167,315227.0,Pass,Unsuccessful,60
983,2610595031.0,59.8,12.5,85.9,19.3,167,365409.0,Pass,Unsuccessful,60
985,2610595061.0,8.0,73.5,4.4,61.5,32,22079.0,Pass,Successful,60
986,2610595117.0,4.4,61.5,3.2,81.9,32,260843.0,Pass,Successful,60
987,2610595147.0,3.2,81.9,37.4,77.8,32,22079.0,Pass,Unsuccessful,60
988,2610595183.0,62.3,17.1,54.2,18.4,167,303139.0,Pass,Successful,60
989,2610595217.0,54.2,18.4,54.7,0.0,167,313171.0,Pass,Unsuccessful,60
990,2610595457.0,44.7,100.0,40.0,72.5,32,100008.0,Pass,Successful,61
991,2610595477.0,40.0,72.5,27.0,68.7,32,336915.0,Pass,Successful,61
992,2610595511.0,25.5,68.7,15.2,45.5,32,99487.0,Pass,Successful,61
993,2610595531.0,17.9,43.5,29.1,42.2,32,260843.0,Pass,Successful,61
994,2610595583.0,34.6,30.0,44.7,5.5,32,336915.0,Pass,Successful,61
995,2610595637.0,45.4,5.6,36.7,15.1,32,353418.0,Pass,Successful,61
996,2610595711.0,37.5,24.0,31.1,39.6,32,336915.0,Pass,Successful,61
997,2610595769.0,38.8,42.0,56.2,93.8,32,99487.0,Pass,Successful,61
998,2610595839.0,54.6,92.1,46.8,64.8,32,100008.0,Pass,Successful,61
999,2610595883.0,47.3,57.5,75.3,12.2,32,22079.0,Pass,Unsuccessful,61
1002,2610596013.0,37.9,94.7,43.3,82.6,167,402664.0,Pass,Successful,61
1003,2610596083.0,44.9,73.8,45.5,48.1,167,136741.0,Pass,Successful,61
1004,2610596111.0,49.1,43.4,50.4,24.0,167,365409.0,Pass,Successful,61
1005,2610596189.0,57.2,12.9,71.0,5.8,167,69778.0,Pass,Successful,61
1006,2610596221.0,70.1,7.6,67.1,22.6,167,331254.0,Pass,Successful,62
1007,2610596235.0,67.1,22.6,62.5,30.4,167,365409.0,Pass,Successful,62
1008,2610596269.0,62.5,30.4,61.0,19.9,167,303139.0,Pass,Successful,62
1009,2610596311.0,58.5,18.3,44.3,15.9,167,365409.0,Pass,Successful,62
1010,2610596377.0,42.9,16.7,29.0,50.3,167,313171.0,Pass,Successful,62
1011,2610596411.0,27.1,51.2,38.3,55.1,167,121774.0,Pass,Successful,62
1012,2610596503.0,37.0,54.7,34.6,31.1,167,101374.0,Pass,Successful,62
1013,2610596619.0,40.4,26.7,47.6,25.2,167,313171.0,Pass,Successful,62
1014,2610596671.0,47.8,16.6,58.7,3.9,167,303139.0,Pass,Successful,62
1015,2610596715.0,81.9,10.8,78.6,28.6,167,69778.0,Pass,Successful,62
1017,2610597081.0,3.5,58.1,10.2,52.1,32,22079.0,Pass,Successful,62
1018,2610597095.0,10.2,52.1,31.3,92.4,32,260843.0,Pass,Successful,62
1019,2610597127.0,31.3,92.4,31.9,75.7,32,100008.0,Pass,Successful,62
1020,2610597139.0,31.9,75.7,28.5,87.5,32,69344.0,Pass,Successful,62
1021,2610597179.0,28.5,87.8,23.6,76.7,32,100008.0,Pass,Successful,62
1022,2610597251.0,23.4,72.0,15.8,63.2,32,22079.0,Pass,Successful,63
1023,2610597293.0,22.2,65.6,26.9,88.1,32,260843.0,Pass,Successful,63
1024,2610597329.0,32.3,89.5,59.0,69.0,32,22079.0,Pass,Successful,63
1025,2610597339.0,59.0,69.0,55.8,75.7,32,300299.0,Pass,Unsuccessful,63
1026,2610597369.0,32.6,20.6,24.7,22.6,167,303139.0,Pass,Successful,63
1028,2610597455.0,24.7,22.6,7.4,42.1,167,69778.0,Pass,Successful,63
1029,2610597463.0,8.1,49.5,15.5,54.2,167,121774.0,Pass,Successful,63
1030,2610597497.0,15.5,54.2,18.6,34.1,167,101374.0,Pass,Successful,63
1031,2610597565.0,18.6,34.1,45.7,69.4,167,313171.0,Pass,Successful,63
1032,2610597619.0,45.7,69.4,43.3,94.1,167,113069.0,Pass,Successful,63
1033,2610597633.0,43.3,94.1,41.0,82.4,167,402664.0,Pass,Unsuccessful,63
1035,2610597731.0,62.2,16.3,69.6,31.8,32,336915.0,Pass,Successful,63
1036,2610597771.0,69.2,37.6,64.3,37.0,32,439584.0,Pass,Successful,63
1037,2610597813.0,64.8,36.2,71.7,24.8,32,69344.0,Pass,Successful,63
1038,2610597841.0,74.2,23.0,77.4,5.5,32,336915.0,Pass,Successful,63
1039,2610597871.0,77.4,5.5,73.6,9.6,32,123761.0,Pass,Successful,63
1040,2610597919.0,73.6,9.6,70.1,22.7,32,353418.0,Pass,Successful,63
1041,2610597957.0,71.5,22.4,80.5,8.5,32,69344.0,Pass,Successful,63
1042,2610597993.0,82.0,9.1,72.8,13.4,32,353418.0,Pass,Successful,63
1043,2610598035.0,75.9,14.4,92.9,47.3,32,69344.0,Pass,Unsuccessful,63
1045,2610598137.0,66.5,66.2,54.2,44.9,32,100008.0,Pass,Successful,63
1046,2610598201.0,54.2,44.9,59.6,25.9,32,99487.0,Pass,Successful,63
1047,2610598237.0,59.8,30.9,53.3,46.3,32,69344.0,Pass,Successful,64
1048,2610598259.0,52.6,42.9,57.3,13.8,32,99487.0,Pass,Successful,64
1049,2610598325.0,58.7,13.2,78.4,2.4,32,69344.0,Pass,Successful,64
1050,2610598371.0,75.9,12.5,94.2,23.6,32,353418.0,Pass,Successful,64
1051,2610598405.0,94.7,23.9,91.3,54.5,32,123761.0,Pass,Unsuccessful,64
1056,2610598507.0,19.4,23.5,31.0,18.6,167,331254.0,Pass,Successful,64
1058,2610598613.0,61.5,12.7,56.7,16.9,167,365409.0,Pass,Successful,64
1059,2610598645.0,61.8,16.2,62.4,5.3,167,331254.0,Pass,Successful,64
1060,2610598677.0,57.2,6.8,41.7,8.6,167,365409.0,Pass,Successful,64
1061,2610598723.0,38.9,13.5,32.7,43.9,167,69778.0,Pass,Successful,64
1062,2610598795.0,33.3,43.9,36.2,67.4,167,313171.0,Pass,Successful,64
1063,2610598849.0,37.1,69.4,53.2,81.7,167,402664.0,Pass,Successful,64
1064,2610598885.0,42.3,77.0,34.5,49.2,167,136741.0,Pass,Successful,64
1065,2610598919.0,35.2,45.1,40.0,13.4,167,313171.0,Pass,Successful,64
1066,2610598989.0,41.1,12.2,55.5,6.4,167,69778.0,Pass,Successful,64
1067,2610599071.0,51.7,12.9,61.2,21.1,167,331254.0,Pass,Successful,65
1068,2610599167.0,62.2,24.8,69.3,57.9,167,101374.0,Pass,Successful,65
1072,2610599271.0,10.9,52.5,22.1,60.4,32,260843.0,Pass,Successful,65
1073,2610599373.0,22.5,64.5,12.1,70.2,32,69344.0,Pass,Successful,65
1074,2610599449.0,12.7,81.9,44.8,93.2,32,22079.0,Pass,Successful,65
1077,2610599563.0,43.1,100.0,45.9,77.8,32,300299.0,Pass,Successful,65
1078,2610599583.0,55.6,76.1,62.0,64.8,32,69344.0,Pass,Successful,65
1079,2610599607.0,62.5,56.8,67.3,30.0,32,439584.0,Pass,Successful,65
1080,2610599629.0,68.0,29.4,75.4,14.9,32,343346.0,Pass,Successful,65
1081,2610599641.0,81.5,16.3,89.6,38.5,32,353418.0,Pass,Unsuccessful,65
1082,2610599667.0,8.7,55.9,13.2,76.8,167,101374.0,Pass,Successful,65
1084,2610599779.0,10.5,83.8,4.5,69.9,167,402664.0,Pass,Successful,65
1085,2610599859.0,4.0,69.9,64.4,52.0,167,121774.0,Pass,Unsuccessful,65
1087,2610600005.0,37.4,40.3,41.4,26.2,32,22079.0,Pass,Successful,65
1088,2610600031.0,56.6,16.1,67.5,14.7,32,99487.0,Pass,Successful,66
1089,2610600043.0,67.5,14.7,67.9,0.0,32,123761.0,Pass,Unsuccessful,66
1090,2610600297.0,31.1,100.0,13.9,85.3,167,402664.0,Pass,Successful,66
1091,2610600345.0,9.9,79.9,4.7,50.5,167,313171.0,Pass,Successful,66
1092,2610600355.0,4.7,50.5,16.8,9.3,167,121774.0,Pass,Successful,66
1093,2610600391.0,16.8,9.3,26.4,16.4,167,69778.0,Pass,Successful,66
1094,2610600405.0,27.6,12.9,34.7,28.4,167,101374.0,Pass,Successful,66
1095,2610600423.0,34.7,28.4,30.4,35.0,167,365409.0,Pass,Successful,66
1096,2610600451.0,30.4,35.0,34.2,63.5,167,303139.0,Pass,Unsuccessful,66
1098,2610600497.0,74.1,39.7,75.2,47.9,32,336915.0,Pass,Unsuccessful,66
1100,2610600637.0,87.0,18.4,89.7,26.2,32,69344.0,Pass,Unsuccessful,66
1104,2610601073.0,99.5,0.5,96.2,40.8,32,69344.0,Pass,Unsuccessful,67
1108,2610601455.0,99.5,0.5,91.9,48.6,32,69344.0,Pass,Unsuccessful,67
1110,2610601487.0,74.1,39.6,77.1,21.4,32,123761.0,Pass,Successful,67
1111,2610601511.0,77.1,21.4,85.4,7.9,32,353418.0,Pass,Successful,67
1112,2610601597.0,85.7,7.7,74.7,16.3,32,69344.0,Pass,Successful,67
1113,2610601619.0,75.3,16.3,76.1,7.0,32,353418.0,Pass,Successful,67
1114,2610601631.0,75.1,7.0,71.0,14.7,32,69344.0,Pass,Successful,67
1115,2610601649.0,71.9,15.5,83.1,48.4,32,123761.0,Pass,Unsuccessful,68
1117,2610601829.0,63.7,0.0,54.1,11.4,32,353418.0,Pass,Successful,68
1118,2610601883.0,53.6,14.9,45.6,57.4,32,123761.0,Pass,Successful,68
1119,2610601895.0,47.6,40.3,54.9,7.6,32,100008.0,Pass,Successful,68
1120,2610601949.0,54.9,7.6,43.8,11.7,32,353418.0,Pass,Successful,68
1121,2610602003.0,42.4,36.7,36.7,54.0,32,99487.0,Pass,Successful,68
1122,2610602029.0,37.1,51.6,60.8,6.1,32,100008.0,Pass,Successful,68
1123,2610602067.0,62.3,6.2,55.7,11.6,32,353418.0,Pass,Successful,68
1124,2610602157.0,59.6,13.8,87.4,44.4,32,69344.0,Pass,Successful,68
1126,2610602685.0,4.6,49.9,6.5,38.2,167,121774.0,Pass,Successful,69
1127,2610749463.0,6.8,39.8,4.4,60.5,167,313171.0,Pass,Successful,69
1128,2610749525.0,4.4,60.5,32.9,96.5,167,121774.0,Pass,Successful,69
1129,2610602735.0,68.7,80.2,75.7,95.6,167,402664.0,Pass,Successful,69
1130,2610602775.0,75.7,95.6,63.0,88.3,167,113069.0,Pass,Successful,69
1131,2610602797.0,63.0,86.1,58.9,73.3,167,136741.0,Pass,Successful,69
1132,2610602863.0,59.0,74.8,53.7,91.0,167,303139.0,Pass,Successful,69
1133,2610602929.0,51.7,74.3,38.9,40.2,167,136741.0,Pass,Successful,69
1134,2610603019.0,55.8,24.2,60.3,35.5,167,313171.0,Pass,Successful,69
1135,2610603047.0,59.2,26.7,53.8,9.6,167,365409.0,Pass,Successful,69
1136,2610603099.0,53.5,10.7,39.7,26.2,167,69778.0,Pass,Successful,69
1137,2610603149.0,39.7,26.2,42.4,52.5,167,303139.0,Pass,Successful,69
1138,2610603227.0,42.4,52.5,37.8,40.2,167,101374.0,Pass,Successful,69
1139,2610603299.0,52.2,60.6,57.1,94.6,167,303139.0,Pass,Successful,69
1140,2610603343.0,57.1,94.6,59.7,71.3,167,402664.0,Pass,Successful,69
1141,2610603397.0,57.7,76.3,50.9,74.0,167,136741.0,Pass,Successful,70
1142,2610603409.0,47.3,71.9,53.0,64.5,167,303139.0,Pass,Successful,70
1143,2610603593.0,53.0,64.5,44.5,79.0,167,101374.0,Pass,Successful,70
1144,2610603667.0,46.4,61.5,46.6,13.2,167,136741.0,Pass,Successful,70
1145,2610603709.0,50.1,12.2,56.4,16.7,167,69778.0,Pass,Successful,70
1146,2610603755.0,55.4,10.3,52.4,15.6,167,365409.0,Pass,Successful,70
1147,2610603841.0,47.1,21.6,35.7,41.9,167,69778.0,Pass,Successful,70
1148,2610603881.0,37.0,44.4,34.7,61.0,167,313171.0,Pass,Successful,70
1149,2610603913.0,34.6,57.6,45.5,56.9,167,303139.0,Pass,Successful,70
1150,2610603933.0,45.5,56.9,46.9,91.0,167,101374.0,Pass,Successful,70
1151,2610603973.0,46.9,91.0,66.4,70.4,167,402664.0,Pass,Successful,70
1152,2610604069.0,69.1,57.6,88.5,55.6,167,113069.0,Pass,Successful,70
1157,2610604723.0,99.5,99.5,90.0,95.4,167,365409.0,Pass,Successful,71
1160,2610604759.0,83.4,76.0,87.9,56.2,167,113069.0,Pass,Unsuccessful,71
1162,2610604837.0,16.9,15.8,25.6,16.6,32,69344.0,Pass,Unsuccessful,71
1163,2610604939.0,73.0,89.2,69.4,93.9,167,113069.0,Pass,Successful,71
1164,2610604985.0,63.0,68.6,55.2,56.9,167,365409.0,Pass,Successful,71
1165,2610605075.0,55.2,56.9,65.6,49.3,167,69778.0,Pass,Successful,71
1166,2610605107.0,71.1,45.8,80.2,34.8,167,303139.0,Pass,Successful,71
1167,2610605175.0,79.7,32.9,77.3,9.5,167,315227.0,Pass,Successful,71
1168,2610605235.0,76.4,12.2,68.6,18.1,167,136741.0,Pass,Successful,71
1169,2610605261.0,68.4,18.1,76.7,5.4,167,313171.0,Pass,Successful,71
1170,2610605339.0,76.7,5.4,70.3,15.1,167,136741.0,Pass,Successful,71
1171,2610605357.0,70.3,15.1,78.7,19.9,167,313171.0,Pass,Successful,71
1172,2610605449.0,78.7,19.9,87.9,10.5,167,101374.0,Pass,Successful,71
1173,2610605537.0,81.4,9.6,55.2,46.3,167,136741.0,Pass,Successful,72
1174,2610605587.0,55.4,38.0,66.0,12.4,167,69778.0,Pass,Successful,72
1175,2610605713.0,66.8,12.4,75.0,9.6,167,136741.0,Pass,Successful,72
1176,2610605829.0,74.7,10.7,96.0,29.9,167,331254.0,Pass,Successful,72
1181,2610606017.0,1.2,68.2,4.9,83.0,32,100008.0,Pass,Successful,72
1182,2610606037.0,5.5,84.2,8.2,74.0,32,22079.0,Pass,Successful,72
1183,2610606085.0,8.2,74.0,31.5,83.7,32,100008.0,Pass,Unsuccessful,72
1185,2610606175.0,68.7,17.4,61.8,15.6,167,101374.0,Pass,Successful,72
1186,2610606255.0,60.5,16.6,58.2,65.2,167,313171.0,Pass,Successful,72
1187,2610606317.0,60.7,67.7,89.8,0.0,167,402664.0,Pass,Unsuccessful,72
1193,2610607167.0,14.1,100.0,27.6,89.8,32,362275.0,Pass,Successful,73
1194,2610750007.0,29.5,86.2,43.4,83.0,32,69344.0,Pass,Unsuccessful,73
1197,2610607425.0,32.5,100.0,47.6,90.3,32,362275.0,Pass,Unsuccessful,73
1200,2610750435.0,55.2,8.7,61.0,21.9,167,69778.0,Pass,Unsuccessful,73
1201,2610607459.0,38.3,73.0,49.1,88.4,32,336915.0,Pass,Unsuccessful,73
1204,2610607577.0,47.2,14.9,18.5,50.0,167,69778.0,Pass,Successful,73
1205,2610607619.0,18.5,50.0,31.9,50.5,167,121774.0,Pass,Successful,73
1206,2610607645.0,30.7,50.5,32.7,44.1,167,101374.0,Pass,Successful,73
1207,2610607697.0,32.7,44.1,50.3,91.7,167,303139.0,Pass,Successful,73
1208,2610607829.0,65.0,81.9,69.5,68.6,167,402664.0,Pass,Successful,73
1213,2610608487.0,99.5,99.5,86.8,92.0,167,365409.0,Pass,Successful,74
1214,2610608507.0,86.8,92.0,77.3,81.6,167,113069.0,Pass,Successful,74
1215,2610608551.0,77.9,81.6,95.9,30.1,167,365409.0,Pass,Successful,74
1218,2610608579.0,95.9,30.1,95.8,40.9,167,303139.0,Pass,Unsuccessful,74
1223,2610608673.0,23.9,33.2,29.7,43.4,32,123761.0,Pass,Successful,74
1225,2610608709.0,32.4,44.4,28.3,43.7,32,437022.0,Pass,Successful,74
1226,2610608733.0,28.3,43.7,35.4,56.6,32,69344.0,Pass,Unsuccessful,74
1228,2610608965.0,36.7,100.0,28.9,82.1,32,362275.0,Pass,Successful,74
1229,2610609017.0,28.5,81.3,22.8,56.3,32,22079.0,Pass,Successful,74
1230,2610609103.0,23.2,56.0,23.9,69.0,32,99487.0,Pass,Successful,74
1231,2610609137.0,23.8,70.6,36.3,70.5,32,22079.0,Pass,Successful,75
1232,2610609227.0,34.9,66.7,27.0,45.2,32,69344.0,Pass,Successful,75
1233,2610609283.0,27.0,45.2,48.0,92.1,32,99487.0,Pass,Successful,75
1234,2610609341.0,53.5,92.1,62.3,94.5,32,362275.0,Pass,Successful,75
1235,2610609375.0,53.3,91.3,39.0,67.7,32,437022.0,Pass,Successful,75
1236,2610609425.0,41.3,64.8,39.2,31.5,32,22079.0,Pass,Successful,75
1237,2610609443.0,44.7,23.9,57.5,20.7,32,99487.0,Pass,Successful,75
1238,2610609475.0,56.2,20.4,41.2,11.1,32,336915.0,Pass,Successful,75
1239,2610609557.0,40.0,12.2,38.5,29.7,32,99487.0,Pass,Successful,75
1240,2610609577.0,38.7,38.7,64.2,31.8,32,69344.0,Pass,Unsuccessful,75
1242,2610609671.0,39.0,58.9,44.4,34.0,167,402664.0,Pass,Successful,75
1243,2610609701.0,44.5,34.0,69.6,48.6,167,331254.0,Pass,Unsuccessful,75
1244,2610609749.0,27.0,49.9,27.3,64.8,32,99487.0,Pass,Successful,75
1246,2610609853.0,26.8,65.2,28.7,44.9,32,22079.0,Pass,Successful,75
1247,2610609943.0,29.2,25.3,25.8,11.2,32,99487.0,Pass,Successful,75
1248,2610610001.0,22.9,10.9,11.0,41.7,32,353418.0,Pass,Successful,75
1249,2610610069.0,11.8,45.5,21.9,90.1,32,260843.0,Pass,Successful,75
1250,2610610111.0,25.6,92.6,35.3,91.2,32,362275.0,Pass,Successful,75
1253,2610610217.0,59.5,18.1,31.0,23.5,167,69778.0,Pass,Successful,76
1254,2610610317.0,31.0,23.5,15.2,52.4,167,313171.0,Pass,Successful,76
1255,2610610419.0,19.0,67.1,54.2,96.8,167,121774.0,Pass,Successful,76
1256,2610610431.0,47.2,97.1,41.0,96.4,167,113069.0,Pass,Unsuccessful,76
1258,2610610925.0,47.0,100.0,41.1,72.1,167,402664.0,Pass,Successful,76
1259,2610610965.0,54.7,72.5,45.2,90.0,167,313171.0,Pass,Successful,76
1260,2610611061.0,45.2,90.0,35.6,77.5,167,402664.0,Pass,Successful,76
1261,2610611159.0,34.6,70.8,31.8,45.3,167,101374.0,Pass,Successful,76
1262,2610611213.0,43.1,39.5,53.6,57.8,167,303139.0,Pass,Successful,76
1263,2610611231.0,54.3,64.5,52.3,53.5,167,365409.0,Pass,Successful,76
1264,2610611295.0,52.3,53.5,37.8,57.3,167,101374.0,Pass,Successful,76
1265,2610611353.0,37.8,57.3,43.2,65.4,167,313171.0,Pass,Successful,76
1266,2610611403.0,43.2,65.4,34.2,50.8,167,365409.0,Pass,Successful,76
1267,2610611439.0,34.2,50.8,41.8,39.9,167,313171.0,Pass,Successful,76
1268,2610611493.0,41.8,39.9,52.8,5.4,167,303139.0,Pass,Successful,77
1269,2610611591.0,52.1,6.6,45.0,22.5,167,69778.0,Pass,Successful,77
1270,2610611657.0,46.5,27.5,40.0,63.0,167,303139.0,Pass,Successful,77
1271,2610611709.0,43.5,68.4,42.3,83.6,167,313171.0,Pass,Successful,77
1272,2610611735.0,42.3,83.6,50.9,71.8,167,402664.0,Pass,Successful,77
1273,2610611803.0,50.9,71.8,55.5,78.5,167,365409.0,Pass,Successful,77
1274,2610611863.0,69.6,69.8,71.1,41.9,167,402664.0,Pass,Successful,77
1275,2610611887.0,71.1,41.9,73.0,39.2,167,136741.0,Pass,Unsuccessful,77
1277,2610611981.0,77.3,45.6,87.7,34.5,167,365409.0,Pass,Successful,77
1278,2610612021.0,90.9,34.5,91.4,40.5,167,331254.0,Pass,Successful,77
1280,2610612073.0,88.0,29.6,80.9,31.1,167,331254.0,Pass,Successful,77
1281,2610612105.0,80.9,31.1,88.0,16.9,167,136741.0,Pass,Successful,77
1282,2610612183.0,88.2,16.7,86.7,26.9,167,331254.0,Pass,Successful,77
1283,2610612229.0,85.6,16.6,73.9,18.9,167,136741.0,Pass,Successful,77
1284,2610612267.0,73.9,18.9,80.8,11.2,167,69778.0,Pass,Successful,77
1285,2610612307.0,80.7,10.8,69.4,13.9,167,136741.0,Pass,Successful,77
1286,2610612337.0,69.5,13.9,72.0,19.8,167,69778.0,Pass,Successful,77
1287,2610612365.0,72.0,19.8,68.4,24.7,167,365409.0,Pass,Successful,77
1288,2610612409.0,68.4,24.7,65.1,15.6,167,303139.0,Pass,Successful,77
1289,2610612483.0,65.1,15.6,51.0,26.7,167,69778.0,Pass,Successful,77
1290,2610612583.0,52.4,40.5,58.0,64.9,167,313171.0,Pass,Successful,77
1291,2610612605.0,59.5,68.1,55.4,78.5,167,101374.0,Pass,Successful,77
1292,2610612667.0,55.4,78.5,60.7,63.8,167,402664.0,Pass,Successful,77
1293,2610612767.0,61.2,60.6,78.8,12.9,167,303139.0,Pass,Successful,77
1294,2610612805.0,75.0,28.1,73.4,13.0,167,331254.0,Pass,Successful,78
1295,2610612857.0,73.5,14.0,68.3,23.8,167,136741.0,Pass,Successful,78
1296,2610612897.0,68.3,23.8,56.9,21.3,167,331254.0,Pass,Successful,78
1297,2610612973.0,56.3,22.8,51.4,47.3,167,69778.0,Pass,Successful,78
1298,2610613017.0,51.4,47.3,56.3,44.6,167,313171.0,Pass,Successful,78
1299,2610613063.0,56.3,44.6,51.5,26.9,167,303139.0,Pass,Successful,78
1300,2610613175.0,47.9,10.7,53.7,10.3,167,69778.0,Pass,Successful,78
1301,2610613289.0,41.7,21.3,31.1,53.0,167,136741.0,Pass,Successful,78
1302,2610613321.0,38.4,66.2,35.5,75.7,167,313171.0,Pass,Successful,78
1303,2610613549.0,35.5,75.7,30.0,53.9,167,402664.0,Pass,Successful,78
1304,2610613673.0,32.4,40.4,30.5,59.1,167,136741.0,Pass,Successful,78
1305,2610613753.0,33.3,56.2,55.6,32.8,167,313171.0,Pass,Successful,78
1306,2610613845.0,68.0,22.0,76.3,11.3,167,365409.0,Pass,Successful,78
1307,2610613869.0,73.1,31.1,69.5,41.2,167,331254.0,Pass,Successful,78
1308,2610613907.0,69.5,41.2,67.8,63.5,167,303139.0,Pass,Successful,78
1309,2610614085.0,74.4,64.0,80.6,73.0,167,136741.0,Pass,Successful,78
1310,2610614113.0,78.8,73.1,72.1,69.9,167,113069.0,Pass,Successful,78
1311,2610614285.0,72.1,69.9,71.5,50.2,167,402664.0,Pass,Successful,78
1314,2610614385.0,95.3,34.1,97.5,49.0,167,315227.0,Pass,Successful,79
1316,2610615947.0,49.9,50.2,32.6,44.6,32,123761.0,Pass,Successful,80
1317,2610615969.0,33.3,45.4,37.0,56.9,32,99487.0,Pass,Successful,80
1318,2610616011.0,37.0,56.8,30.3,43.7,32,69344.0,Pass,Successful,80
1319,2610616225.0,30.3,43.7,30.8,58.0,32,99487.0,Pass,Successful,80
1320,2610616309.0,31.9,60.8,29.6,35.7,32,22079.0,Pass,Successful,80
1321,2610751305.0,30.3,37.5,77.9,6.1,32,99487.0,Pass,Unsuccessful,80
1323,2610616379.0,23.8,96.3,10.0,72.8,167,402664.0,Pass,Successful,80
1324,2610616433.0,10.5,70.6,14.4,51.2,167,121774.0,Pass,Successful,80
1325,2610616505.0,14.4,51.2,45.6,83.1,167,313171.0,Pass,Successful,80
1328,2610616613.0,60.5,18.9,65.7,32.0,32,336915.0,Pass,Successful,80
1329,2610616657.0,70.7,33.9,71.6,53.6,32,353418.0,Pass,Unsuccessful,80
1332,2610616709.0,9.2,45.6,20.0,42.4,167,121774.0,Pass,Successful,80
1333,2610616747.0,20.0,42.4,11.7,63.2,167,313171.0,Pass,Successful,80
1334,2610616773.0,11.7,63.2,20.3,59.6,167,402664.0,Pass,Successful,80
1335,2610616803.0,20.3,59.6,25.7,78.4,167,303139.0,Pass,Successful,80
1336,2610616815.0,25.7,78.4,27.8,67.2,167,136741.0,Pass,Successful,81
1337,2610616877.0,27.8,67.2,23.1,67.4,167,101374.0,Pass,Successful,81
1338,2610617027.0,26.3,53.9,29.3,13.4,167,303139.0,Pass,Successful,81
1339,2610617151.0,63.5,56.1,70.1,90.2,167,69778.0,Pass,Successful,81
1340,2610617159.0,86.3,73.3,87.7,69.6,167,113069.0,Pass,Unsuccessful,81
1343,2610617763.0,4.9,58.9,7.1,51.1,32,22079.0,Pass,Successful,81
1344,2610617881.0,10.5,49.9,53.8,60.3,32,260843.0,Pass,Unsuccessful,81
1345,2610617947.0,45.6,41.2,25.9,49.0,167,303139.0,Pass,Successful,81
1347,2610618019.0,25.9,49.0,8.2,59.3,167,101374.0,Pass,Successful,82
1348,2610618049.0,8.2,59.3,22.6,54.1,167,121774.0,Pass,Successful,82
1349,2610618087.0,22.6,54.1,26.4,38.0,167,303139.0,Pass,Unsuccessful,82
1351,2610618267.0,79.9,65.6,85.7,74.4,32,69344.0,Pass,Successful,82
1352,2610618305.0,98.1,72.5,96.5,56.5,32,437022.0,Pass,Unsuccessful,82
1360,2610618637.0,70.3,100.0,78.3,95.5,32,362275.0,Pass,Successful,82
1363,2610618871.0,69.5,100.0,51.8,84.5,32,362275.0,Pass,Successful,82
1364,2610618933.0,51.8,84.5,60.1,92.9,32,99487.0,Pass,Successful,82
1365,2610618975.0,63.9,93.8,68.7,87.8,32,22079.0,Pass,Successful,82
1366,2610619023.0,76.0,89.7,80.4,74.7,32,123761.0,Pass,Successful,82
1370,2610619239.0,25.7,58.6,33.0,52.0,167,303139.0,Pass,Successful,82
1373,2610619277.0,52.5,6.8,45.8,16.0,32,336915.0,Pass,Successful,83
1374,2610619375.0,56.1,15.8,62.6,7.6,32,353418.0,Pass,Successful,83
1375,2610619383.0,84.6,11.7,97.6,48.9,32,69344.0,Pass,Unsuccessful,83
1377,2610619553.0,7.4,47.5,20.7,39.7,167,121774.0,Pass,Successful,83
1378,2610619631.0,39.3,33.1,51.4,45.3,167,331254.0,Pass,Successful,83
1383,2610625429.0,46.9,52.4,56.8,87.6,32,99487.0,Pass,Successful,83
1384,2610620429.0,53.1,81.6,59.7,90.6,32,362275.0,Pass,Successful,83
1385,2610620483.0,59.7,90.6,38.2,66.5,32,437022.0,Pass,Successful,83
1386,2610620557.0,42.9,46.7,65.2,46.0,32,99487.0,Pass,Successful,84
1387,2610620657.0,68.0,47.0,77.0,66.1,32,123761.0,Pass,Successful,84
1392,2610621109.0,99.6,99.1,87.0,53.3,32,123761.0,Pass,Successful,84
1395,2610621213.0,76.4,41.5,73.3,10.8,32,353418.0,Pass,Successful,84
1396,2610621239.0,68.0,8.0,64.9,23.7,32,300299.0,Pass,Successful,84
1397,2610621305.0,65.9,24.6,66.1,8.5,32,353418.0,Pass,Successful,84
1398,2610621313.0,69.6,9.7,73.7,13.1,32,300299.0,Pass,Unsuccessful,84
1402,2610621385.0,72.3,29.8,77.0,31.5,32,343346.0,Pass,Unsuccessful,84
1404,2610621435.0,24.4,75.3,41.7,73.6,167,402664.0,Pass,Successful,84
1405,2610621465.0,41.7,73.6,52.5,49.8,167,113069.0,Pass,Unsuccessful,84
1406,2610621535.0,64.9,49.8,72.6,36.5,32,362275.0,Pass,Successful,84
1407,2610621585.0,73.5,39.3,73.1,57.4,32,336915.0,Pass,Successful,84
1409,2610621679.0,79.8,48.7,80.4,39.9,32,99487.0,Pass,Successful,85
1411,2610621705.0,80.2,39.7,84.8,28.0,32,99487.0,Pass,Unsuccessful,85
1413,2610621733.0,15.0,72.5,54.4,56.4,167,136741.0,Pass,Unsuccessful,85
1414,2610621791.0,41.8,41.4,55.9,25.0,32,22079.0,Pass,Successful,85
1415,2610621807.0,55.9,25.0,55.0,37.0,32,353418.0,Pass,Successful,85
1417,2610621871.0,55.0,37.0,47.7,20.5,32,69344.0,Pass,Successful,85
1418,2610621917.0,48.4,18.9,64.6,2.3,32,353418.0,Pass,Successful,85
1430,2610623783.0,36.3,100.0,55.0,79.7,167,402664.0,Pass,Unsuccessful,86
1435,2610623857.0,45.5,75.0,52.5,64.2,167,303139.0,Pass,Unsuccessful,87
1437,2610624021.0,61.5,36.0,67.7,19.3,167,93894.0,Pass,Successful,87
1438,2610624029.0,73.3,22.6,68.8,29.1,167,331254.0,Pass,Successful,87
1439,2610624105.0,68.8,29.1,75.5,17.4,167,136741.0,Pass,Successful,87
1440,2610624135.0,76.1,17.4,86.2,18.6,167,331254.0,Pass,Unsuccessful,87
1442,2610624195.0,13.1,95.9,32.3,95.3,32,22079.0,Pass,Unsuccessful,87
1443,2610624211.0,64.3,8.1,67.3,15.2,167,69778.0,Pass,Successful,87
1445,2610624253.0,64.9,17.4,66.9,39.2,167,331254.0,Pass,Successful,87
1446,2610624271.0,66.9,39.2,71.4,32.8,167,101374.0,Pass,Unsuccessful,87
1449,2610624437.0,36.0,82.1,74.0,90.1,32,123761.0,Pass,Successful,87
1454,2610624827.0,99.5,99.5,95.8,60.9,32,123761.0,Pass,Unsuccessful,87
1460,2610625483.0,22.4,57.6,53.0,33.8,167,121774.0,Pass,Successful,88
1463,2610625545.0,45.0,57.8,46.8,61.2,32,22079.0,Pass,Unsuccessful,88
1465,2610625633.0,48.5,67.7,53.9,92.1,32,123761.0,Pass,Successful,88
1466,2610625727.0,53.5,93.3,34.9,64.8,32,437022.0,Pass,Successful,88
1467,2610625745.0,39.2,63.2,44.8,66.1,32,99487.0,Pass,Successful,88
1468,2610625803.0,44.8,66.1,34.5,59.1,32,123761.0,Pass,Successful,88
1469,2610625859.0,37.8,60.9,40.8,91.3,32,99487.0,Pass,Successful,88
1470,2610625889.0,41.3,93.8,45.6,95.9,32,22079.0,Pass,Successful,88
1471,2610625917.0,46.1,95.9,58.0,100.0,32,362275.0,Pass,Unsuccessful,89
1472,2610626329.0,45.3,0.0,27.0,4.9,167,69778.0,Pass,Successful,89
1473,2610626393.0,26.6,4.8,5.9,28.1,167,313171.0,Pass,Successful,89
1474,2610626413.0,8.1,33.6,19.6,27.9,167,121774.0,Pass,Successful,89
1475,2610626445.0,19.6,27.9,18.0,9.3,167,303139.0,Pass,Successful,89
1476,2610626491.0,18.1,9.5,26.6,4.2,167,313171.0,Pass,Successful,89
1477,2610626567.0,26.6,4.2,18.6,6.1,167,69778.0,Pass,Successful,89
1480,2610626577.0,18.6,6.1,20.0,5.6,167,313171.0,Pass,Unsuccessful,89
1482,2610626723.0,12.7,0.0,3.5,36.5,167,69778.0,Pass,Successful,89
1483,2610626825.0,4.4,43.8,43.5,94.1,167,121774.0,Pass,Successful,89
1484,2610626861.0,46.2,82.1,44.1,64.0,167,402664.0,Pass,Successful,89
1485,2610626877.0,45.0,65.5,46.6,51.7,167,101374.0,Pass,Successful,89
1486,2610627055.0,46.6,51.7,43.1,39.2,167,303139.0,Pass,Successful,90
1489,2610627111.0,57.4,52.4,55.4,60.8,167,136741.0,Pass,Successful,90
1490,2610627129.0,57.8,49.5,64.0,36.7,167,93894.0,Pass,Successful,90
1491,2610627311.0,63.6,34.3,73.5,9.0,167,303139.0,Pass,Successful,90
1492,2610627349.0,85.0,7.1,77.0,6.6,167,331254.0,Pass,Successful,90
1493,2610627359.0,77.0,6.6,78.2,12.2,167,69778.0,Pass,Successful,90
1494,2610627401.0,78.2,12.2,81.4,4.9,167,136741.0,Pass,Successful,90
1495,2610627419.0,80.8,6.4,69.7,18.1,167,331254.0,Pass,Successful,90
1496,2610627437.0,69.7,18.1,72.0,34.5,167,303139.0,Pass,Successful,90
1497,2610627477.0,72.0,34.5,67.7,23.8,167,101374.0,Pass,Successful,90
1498,2610627495.0,69.0,23.2,76.9,28.1,167,303139.0,Pass,Successful,90
1499,2610627511.0,76.9,28.1,78.2,15.2,167,101374.0,Pass,Successful,90
1500,2610627557.0,78.2,15.2,68.7,20.5,167,136741.0,Pass,Successful,90
1503,2610627603.0,70.1,23.8,80.1,77.7,167,303139.0,Pass,Unsuccessful,90
1504,2610627621.0,22.1,20.1,31.4,18.3,32,353418.0,Pass,Successful,90
1507,2610627737.0,59.0,94.2,53.7,83.6,167,93894.0,Pass,Successful,90
1509,2610627775.0,55.8,79.0,59.1,72.8,167,402664.0,Pass,Successful,90
1510,2610627813.0,59.4,73.0,41.6,76.7,167,303139.0,Pass,Successful,90
1511,2610627865.0,41.6,76.7,46.8,84.4,167,313171.0,Pass,Successful,90
1512,2610627881.0,46.9,84.4,48.5,76.5,167,93894.0,Pass,Successful,91
1513,2610627941.0,48.5,76.5,57.7,78.2,167,303139.0,Pass,Successful,91
1514,2610627965.0,57.6,76.7,51.6,68.4,167,402664.0,Pass,Successful,91
1515,2610629541.0,52.7,64.7,46.4,48.7,167,303139.0,Pass,Successful,91
1516,2610628005.0,45.7,46.8,37.3,80.9,167,101374.0,Pass,Successful,91
1517,2610628197.0,38.2,87.3,56.7,96.1,167,313171.0,Pass,Successful,91
1518,2610628259.0,71.7,94.2,70.0,83.6,167,388098.0,Pass,Successful,91
1519,2610628323.0,79.5,83.6,88.7,92.5,167,93894.0,Pass,Successful,91
1526,2610629325.0,71.4,87.6,79.9,96.6,167,402664.0,Pass,Successful,92
1534,2610630023.0,99.5,99.5,88.7,93.1,167,93894.0,Pass,Successful,92
1535,2610630035.0,85.3,89.5,66.8,52.7,167,388098.0,Pass,Successful,92
1536,2610630089.0,66.8,52.7,72.4,28.7,167,69778.0,Pass,Successful,92
1537,2610630113.0,72.6,30.2,85.5,55.6,167,136741.0,Pass,Unsuccessful,93
